candidate_id,formula,pilot_or_new,selection_rule,freeze_timestamp,timestamp_source,result_known_at_freeze,Gate_round,Greedy_round,DFT_status,relaxation_output_available,static_output_available,failure_stage,failure_reason,main_text_selected,selection_reason,raw_job_path,final_cif_path,sha256,sha256_subject,relaxation_evidence_available,relaxation_evidence_type,pilot_selection_query_rank,pilot_selection_iteration,pilot_selection_round_source,selection_file_mtime_utc,selection_source_path,selection_source_sha256,historical_remote_job_path
job_006_Mn_fe_-1.347_n4_generated_crystals_cif__gen_1,LiMn2O4,new,boundary_or_structurally_diverse,2026-07-12T16:19:06.310516+00:00,filesystem_last_write_time_utc_of_new12_dft_prelaunch/NEW12_DFT_CANDIDATE_MANIFEST.csv; not an independently signed clock,false,11,5,static_finished,True,True,,,False,Fifth independent Mn matcher cluster; included for structural diversity away from the exact boundary.,new12_dft_final/candidate_outputs/candidate_010_Mn_job_006_Mn_fe_-1.347_n4_generated_crystals_cif__gen_1,new12_dft_final/candidate_outputs/candidate_010_Mn_job_006_Mn_fe_-1.347_n4_generated_crystals_cif__gen_1/final.cif,cb05993a942b8cad592ef6697ed4c0c1a277bdd71c23a9e8645a9a5a6a13a4ce,new12_dft_final/candidate_outputs/candidate_010_Mn_job_006_Mn_fe_-1.347_n4_generated_crystals_cif__gen_1/final.cif,True,stage-specific original OUTCAR and OSZICAR,,,not_applicable,2026-07-12T16:19:06.310516+00:00,new12_dft_prelaunch/NEW12_DFT_CANDIDATE_MANIFEST.csv,7266d52bdff54e1ded6d12cb2ef04a3ae48424362f27f3ea1a648788c2d25b85,/root/dft_limo_new12_20260712/candidate_inputs/*job_006_Mn_fe_-1.347_n4_generated_crystals_cif__gen_1
job_011_Mg_fe_-1.305_n4_generated_crystals_cif__gen_0,LiMg2O4,new,boundary_or_structurally_diverse;target_boundary;magnesium_chemical_stress_test,2026-07-12T16:19:06.310516+00:00,filesystem_last_write_time_utc_of_new12_dft_prelaunch/NEW12_DFT_CANDIDATE_MANIFEST.csv; not an independently signed clock,false,16,18,static_finished,True,True,,,False,Chemically unusual LiMg2O4 stress test at the lower target boundary; Imm2 preliminary symmetry.,new12_dft_final/candidate_outputs/candidate_011_Mg_job_011_Mg_fe_-1.305_n4_generated_crystals_cif__gen_0,new12_dft_final/candidate_outputs/candidate_011_Mg_job_011_Mg_fe_-1.305_n4_generated_crystals_cif__gen_0/final.cif,a0c0b1ad3bcb4516490585387fdca97d0b2693d95ac79f898730c52713997027,new12_dft_final/candidate_outputs/candidate_011_Mg_job_011_Mg_fe_-1.305_n4_generated_crystals_cif__gen_0/final.cif,True,stage-specific original OUTCAR and OSZICAR,,,not_applicable,2026-07-12T16:19:06.310516+00:00,new12_dft_prelaunch/NEW12_DFT_CANDIDATE_MANIFEST.csv,7266d52bdff54e1ded6d12cb2ef04a3ae48424362f27f3ea1a648788c2d25b85,/root/dft_limo_new12_20260712/candidate_inputs/*job_011_Mg_fe_-1.305_n4_generated_crystals_cif__gen_0
job_044_Mn_fe_-0.936_n4_generated_crystals_cif__gen_1,LiMn2O4,new,gate_early_greedy_late;boundary_or_structurally_diverse;target_boundary,2026-07-12T16:19:06.310516+00:00,filesystem_last_write_time_utc_of_new12_dft_prelaunch/NEW12_DFT_CANDIDATE_MANIFEST.csv; not an independently signed clock,false,2,14,static_finished,True,True,,,True,Lowest credible converged FM state; strict Fmax <= 0.05 eV/Angstrom; near-target; selected for composition/query-role/structure diversity.,new12_dft_final/candidate_outputs/candidate_006_Mn_job_044_Mn_fe_-0.936_n4_generated_crystals_cif__gen_1,new12_dft_final/candidate_outputs/candidate_006_Mn_job_044_Mn_fe_-0.936_n4_generated_crystals_cif__gen_1/final.cif,3e1bee7ad71d21b7a0a406bd301321bc7265d19b2fca6bc22461ac95e2512377,new12_dft_final/candidate_outputs/candidate_006_Mn_job_044_Mn_fe_-0.936_n4_generated_crystals_cif__gen_1/final.cif,True,stage-specific original OUTCAR and OSZICAR,,,not_applicable,2026-07-12T16:19:06.310516+00:00,new12_dft_prelaunch/NEW12_DFT_CANDIDATE_MANIFEST.csv,7266d52bdff54e1ded6d12cb2ef04a3ae48424362f27f3ea1a648788c2d25b85,/root/dft_limo_new12_20260712/candidate_inputs/*job_044_Mn_fe_-0.936_n4_generated_crystals_cif__gen_1
job_083_Cr_fe_-0.935_n4_generated_crystals_cif__gen_1,LiCr2O4,new,boundary_or_structurally_diverse;target_boundary,2026-07-12T16:19:06.310516+00:00,filesystem_last_write_time_utc_of_new12_dft_prelaunch/NEW12_DFT_CANDIDATE_MANIFEST.csv; not an independently signed clock,false,12,15,static_finished,True,True,,,False,R3m Cr structure selected for symmetry and structural diversity near the lower boundary.,new12_dft_final/candidate_outputs/candidate_005_Cr_job_083_Cr_fe_-0.935_n4_generated_crystals_cif__gen_1,new12_dft_final/candidate_outputs/candidate_005_Cr_job_083_Cr_fe_-0.935_n4_generated_crystals_cif__gen_1/final.cif,0c4648005ddd446979b55c8592d3fb3edf666c08f6f6babd5c4d316be431db15,new12_dft_final/candidate_outputs/candidate_005_Cr_job_083_Cr_fe_-0.935_n4_generated_crystals_cif__gen_1/final.cif,True,stage-specific original OUTCAR and OSZICAR,,,not_applicable,2026-07-12T16:19:06.310516+00:00,new12_dft_prelaunch/NEW12_DFT_CANDIDATE_MANIFEST.csv,7266d52bdff54e1ded6d12cb2ef04a3ae48424362f27f3ea1a648788c2d25b85,/root/dft_limo_new12_20260712/candidate_inputs/*job_083_Cr_fe_-0.935_n4_generated_crystals_cif__gen_1
job_086_Mn_fe_-0.988_n4_generated_crystals_cif__gen_2,LiMn2O4,new,boundary_or_structurally_diverse;target_boundary,2026-07-12T16:19:06.310516+00:00,filesystem_last_write_time_utc_of_new12_dft_prelaunch/NEW12_DFT_CANDIDATE_MANIFEST.csv; not an independently signed clock,false,11,12,static_finished,True,True,,,False,Mn target-boundary structure from a distinct matcher cluster not represented by the old eight.,new12_dft_final/candidate_outputs/candidate_009_Mn_job_086_Mn_fe_-0.988_n4_generated_crystals_cif__gen_2,new12_dft_final/candidate_outputs/candidate_009_Mn_job_086_Mn_fe_-0.988_n4_generated_crystals_cif__gen_2/final.cif,fd382da422bf1d1fc051d8ea351f14434247f0e7d05d2d828d8fd9d0c0371aed,new12_dft_final/candidate_outputs/candidate_009_Mn_job_086_Mn_fe_-0.988_n4_generated_crystals_cif__gen_2/final.cif,True,stage-specific original OUTCAR and OSZICAR,,,not_applicable,2026-07-12T16:19:06.310516+00:00,new12_dft_prelaunch/NEW12_DFT_CANDIDATE_MANIFEST.csv,7266d52bdff54e1ded6d12cb2ef04a3ae48424362f27f3ea1a648788c2d25b85,/root/dft_limo_new12_20260712/candidate_inputs/*job_086_Mn_fe_-0.988_n4_generated_crystals_cif__gen_2
job_101_Mg_fe_-1.339_n4_generated_crystals_cif__gen_1,LiMg2O4,new,boundary_or_structurally_diverse;target_boundary;magnesium_chemical_stress_test,2026-07-12T16:19:06.310516+00:00,filesystem_last_write_time_utc_of_new12_dft_prelaunch/NEW12_DFT_CANDIDATE_MANIFEST.csv; not an independently signed clock,false,17,18,static_finished,True,True,,,False,Second independent LiMg2O4 stress-test cluster at the lower target boundary; C2/m preliminary symmetry.,new12_dft_final/candidate_outputs/candidate_012_Mg_job_101_Mg_fe_-1.339_n4_generated_crystals_cif__gen_1,new12_dft_final/candidate_outputs/candidate_012_Mg_job_101_Mg_fe_-1.339_n4_generated_crystals_cif__gen_1/final.cif,7af941308d8617b8ad0bfe01049a420e862a6b5596bcb7a4c7d53d55b5a6efb5,new12_dft_final/candidate_outputs/candidate_012_Mg_job_101_Mg_fe_-1.339_n4_generated_crystals_cif__gen_1/final.cif,True,stage-specific original OUTCAR and OSZICAR,,,not_applicable,2026-07-12T16:19:06.310516+00:00,new12_dft_prelaunch/NEW12_DFT_CANDIDATE_MANIFEST.csv,7266d52bdff54e1ded6d12cb2ef04a3ae48424362f27f3ea1a648788c2d25b85,/root/dft_limo_new12_20260712/candidate_inputs/*job_101_Mg_fe_-1.339_n4_generated_crystals_cif__gen_1
job_120_Cr_fe_-1.424_n4_generated_crystals_cif__gen_1,LiCr2O4,new,gate_early_greedy_late;boundary_or_structurally_diverse;target_boundary,2026-07-12T16:19:06.310516+00:00,filesystem_last_write_time_utc_of_new12_dft_prelaunch/NEW12_DFT_CANDIDATE_MANIFEST.csv; not an independently signed clock,false,4,12,static_finished,True,True,,,True,Lowest credible converged FM state; strict Fmax <= 0.05 eV/Angstrom; near-target; selected for composition/query-role/structure diversity.,new12_dft_final/candidate_outputs/candidate_001_Cr_job_120_Cr_fe_-1.424_n4_generated_crystals_cif__gen_1,new12_dft_final/candidate_outputs/candidate_001_Cr_job_120_Cr_fe_-1.424_n4_generated_crystals_cif__gen_1/final.cif,9ccc7810b663577bc2ee79c0ab369e8e8423912f1ec6dd5528991037e5818d5d,new12_dft_final/candidate_outputs/candidate_001_Cr_job_120_Cr_fe_-1.424_n4_generated_crystals_cif__gen_1/final.cif,True,stage-specific original OUTCAR and OSZICAR,,,not_applicable,2026-07-12T16:19:06.310516+00:00,new12_dft_prelaunch/NEW12_DFT_CANDIDATE_MANIFEST.csv,7266d52bdff54e1ded6d12cb2ef04a3ae48424362f27f3ea1a648788c2d25b85,/root/dft_limo_new12_20260712/candidate_inputs/*job_120_Cr_fe_-1.424_n4_generated_crystals_cif__gen_1
job_136_Cr_fe_-1.181_n4_generated_crystals_cif__gen_0,LiCr2O4,new,early_both;boundary_or_structurally_diverse;target_boundary,2026-07-12T16:19:06.310516+00:00,filesystem_last_write_time_utc_of_new12_dft_prelaunch/NEW12_DFT_CANDIDATE_MANIFEST.csv; not an independently signed clock,false,5,1,static_finished,True,True,,,False,Early by both methods; Cr lower-boundary structure with a distinct Pm preliminary symmetry.,new12_dft_final/candidate_outputs/candidate_003_Cr_job_136_Cr_fe_-1.181_n4_generated_crystals_cif__gen_0,new12_dft_final/candidate_outputs/candidate_003_Cr_job_136_Cr_fe_-1.181_n4_generated_crystals_cif__gen_0/final.cif,43050285133789401e37968cd11014568a56dec397d1301e818da489408db41a,new12_dft_final/candidate_outputs/candidate_003_Cr_job_136_Cr_fe_-1.181_n4_generated_crystals_cif__gen_0/final.cif,True,stage-specific original OUTCAR and OSZICAR,,,not_applicable,2026-07-12T16:19:06.310516+00:00,new12_dft_prelaunch/NEW12_DFT_CANDIDATE_MANIFEST.csv,7266d52bdff54e1ded6d12cb2ef04a3ae48424362f27f3ea1a648788c2d25b85,/root/dft_limo_new12_20260712/candidate_inputs/*job_136_Cr_fe_-1.181_n4_generated_crystals_cif__gen_0
job_148_Mn_fe_-0.904_n4_generated_crystals_cif__gen_2,LiMn2O4,new,gate_early_greedy_late;boundary_or_structurally_diverse;target_boundary,2026-07-12T16:19:06.310516+00:00,filesystem_last_write_time_utc_of_new12_dft_prelaunch/NEW12_DFT_CANDIDATE_MANIFEST.csv; not an independently signed clock,false,3,12,failed,True,True,02_pbe_static,VASP return/electronic convergence failure,False,Gate round 3 versus Greedy round 12; distinct Mn cluster and upper-boundary representative.,new12_dft_final/candidate_outputs/candidate_007_Mn_job_148_Mn_fe_-0.904_n4_generated_crystals_cif__gen_2,new12_dft_final/candidate_outputs/candidate_007_Mn_job_148_Mn_fe_-0.904_n4_generated_crystals_cif__gen_2/final.cif,bd3f5ea83f43dbfdd676edc204939e2a37259b32b6f2f923d2d0c449bbb4e2a8,new12_dft_final/candidate_outputs/candidate_007_Mn_job_148_Mn_fe_-0.904_n4_generated_crystals_cif__gen_2/final.cif,True,stage-specific original OUTCAR and OSZICAR,,,not_applicable,2026-07-12T16:19:06.310516+00:00,new12_dft_prelaunch/NEW12_DFT_CANDIDATE_MANIFEST.csv,7266d52bdff54e1ded6d12cb2ef04a3ae48424362f27f3ea1a648788c2d25b85,/root/dft_limo_new12_20260712/candidate_inputs/*job_148_Mn_fe_-0.904_n4_generated_crystals_cif__gen_2
job_167_Mn_fe_-0.885_n4_generated_crystals_cif__gen_3,LiMn2O4,new,early_both;boundary_or_structurally_diverse;target_boundary,2026-07-12T16:19:06.310516+00:00,filesystem_last_write_time_utc_of_new12_dft_prelaunch/NEW12_DFT_CANDIDATE_MANIFEST.csv; not an independently signed clock,false,6,3,failed,True,True,02_pbe_static,VASP return/electronic convergence failure,False,Early by both methods; distinct Mn cluster near the upper boundary.,new12_dft_final/candidate_outputs/candidate_008_Mn_job_167_Mn_fe_-0.885_n4_generated_crystals_cif__gen_3,new12_dft_final/candidate_outputs/candidate_008_Mn_job_167_Mn_fe_-0.885_n4_generated_crystals_cif__gen_3/final.cif,cec12d7b2ca5f23ad4af8b2ef0179ae4f2423e7d3feb796ac806b4c54aca710d,new12_dft_final/candidate_outputs/candidate_008_Mn_job_167_Mn_fe_-0.885_n4_generated_crystals_cif__gen_3/final.cif,True,stage-specific original OUTCAR and OSZICAR,,,not_applicable,2026-07-12T16:19:06.310516+00:00,new12_dft_prelaunch/NEW12_DFT_CANDIDATE_MANIFEST.csv,7266d52bdff54e1ded6d12cb2ef04a3ae48424362f27f3ea1a648788c2d25b85,/root/dft_limo_new12_20260712/candidate_inputs/*job_167_Mn_fe_-0.885_n4_generated_crystals_cif__gen_3
job_204_Cr_fe_-0.932_n4_generated_crystals_cif__gen_3,LiCr2O4,new,early_both;boundary_or_structurally_diverse;target_boundary,2026-07-12T16:19:06.310516+00:00,filesystem_last_write_time_utc_of_new12_dft_prelaunch/NEW12_DFT_CANDIDATE_MANIFEST.csv; not an independently signed clock,false,4,5,static_finished,True,True,,,False,Early by both methods; Cr lower-boundary structure in a singleton matcher cluster.,new12_dft_final/candidate_outputs/candidate_004_Cr_job_204_Cr_fe_-0.932_n4_generated_crystals_cif__gen_3,new12_dft_final/candidate_outputs/candidate_004_Cr_job_204_Cr_fe_-0.932_n4_generated_crystals_cif__gen_3/final.cif,ffab4bd82db6be58c5aa4d717fa28510b63fd397dfb5533deb3bbb472a0ae338,new12_dft_final/candidate_outputs/candidate_004_Cr_job_204_Cr_fe_-0.932_n4_generated_crystals_cif__gen_3/final.cif,True,stage-specific original OUTCAR and OSZICAR,,,not_applicable,2026-07-12T16:19:06.310516+00:00,new12_dft_prelaunch/NEW12_DFT_CANDIDATE_MANIFEST.csv,7266d52bdff54e1ded6d12cb2ef04a3ae48424362f27f3ea1a648788c2d25b85,/root/dft_limo_new12_20260712/candidate_inputs/*job_204_Cr_fe_-0.932_n4_generated_crystals_cif__gen_3
job_214_Cr_fe_-0.857_n4_generated_crystals_cif__gen_0,LiCr2O4,new,gate_early_greedy_late;early_both;boundary_or_structurally_diverse,2026-07-12T16:19:06.310516+00:00,filesystem_last_write_time_utc_of_new12_dft_prelaunch/NEW12_DFT_CANDIDATE_MANIFEST.csv; not an independently signed clock,false,2,10,static_finished,True,True,,,True,Lowest credible converged FM state; strict Fmax <= 0.05 eV/Angstrom; near-target; selected for composition/query-role/structure diversity.,new12_dft_final/candidate_outputs/candidate_002_Cr_job_214_Cr_fe_-0.857_n4_generated_crystals_cif__gen_0,new12_dft_final/candidate_outputs/candidate_002_Cr_job_214_Cr_fe_-0.857_n4_generated_crystals_cif__gen_0/final.cif,566041d368248b543745a9bc95e0461feef2ec2689da14e9b366673f5ffa1637,new12_dft_final/candidate_outputs/candidate_002_Cr_job_214_Cr_fe_-0.857_n4_generated_crystals_cif__gen_0/final.cif,True,stage-specific original OUTCAR and OSZICAR,,,not_applicable,2026-07-12T16:19:06.310516+00:00,new12_dft_prelaunch/NEW12_DFT_CANDIDATE_MANIFEST.csv,7266d52bdff54e1ded6d12cb2ef04a3ae48424362f27f3ea1a648788c2d25b85,/root/dft_limo_new12_20260712/candidate_inputs/*job_214_Cr_fe_-0.857_n4_generated_crystals_cif__gen_0
job_029_Cr_fe_-1.337_n4_generated_crystals_cif__gen_2,LiCr2O4,pilot,"post-screening multi-criterion score: early acquisition, ALIGNN interval evidence, structural sanity, and diversity",,MISSING_no_contemporaneous_result_blind_freeze_record,unknown,,,static_finished,False,True,,,False,retained pilot selection #8; recorded score=0.392174556271,materials_maintext_candidates/candidate_008,materials_maintext_candidates/candidate_008/final.cif,9347698f9a233b0ae4db7dfbfeadfc5a6898238c6a4fa56aa7a8727afcdca787,materials_maintext_candidates/candidate_008/final.cif,True,stdout_relax.log_only; original OUTCAR/OSZICAR unavailable,312,20,outputs/dft_candidate_selection/selected_dft_candidates.csv; not relabelled as Gate_round,2026-07-04T15:10:56.475022+00:00,outputs/dft_candidate_selection/selected_dft_candidates.csv,2b03042921df1ff7be001c51c5f9423012cfbf80e3a777b35aa2291d1228e944,/root/dft_limo/outputs/dft_candidate_selection/vasp_inputs/candidate_008_LiCr2O4_job_029_Cr_fe_-1.337_n4_generated_crystals_cif__gen_2
job_058_Cr_fe_-1.423_n4_generated_crystals_cif__gen_0,LiCr2O4,pilot,"post-screening multi-criterion score: early acquisition, ALIGNN interval evidence, structural sanity, and diversity",,MISSING_no_contemporaneous_result_blind_freeze_record,unknown,,,static_finished,False,True,,,False,retained pilot selection #2; recorded score=0.578721194525,materials_maintext_candidates/candidate_002,materials_maintext_candidates/candidate_002/final.cif,7e5b55286e0f88de9eb9edb7444098079d89249c7553691179292e4112954be5,materials_maintext_candidates/candidate_002/final.cif,True,stdout_relax.log_only; original OUTCAR/OSZICAR unavailable,43,3,outputs/dft_candidate_selection/selected_dft_candidates.csv; not relabelled as Gate_round,2026-07-04T15:10:56.475022+00:00,outputs/dft_candidate_selection/selected_dft_candidates.csv,2b03042921df1ff7be001c51c5f9423012cfbf80e3a777b35aa2291d1228e944,/root/dft_limo/outputs/dft_candidate_selection/vasp_inputs/candidate_002_LiCr2O4_job_058_Cr_fe_-1.423_n4_generated_crystals_cif__gen_0
job_073_Cr_fe_-1.375_n4_generated_crystals_cif__gen_0,LiCr2O4,pilot,"post-screening multi-criterion score: early acquisition, ALIGNN interval evidence, structural sanity, and diversity",,MISSING_no_contemporaneous_result_blind_freeze_record,unknown,,,static_finished,False,True,,,False,retained pilot selection #5; recorded score=0.509763786624,materials_maintext_candidates/candidate_005,materials_maintext_candidates/candidate_005/final.cif,d2d6a5c0c5ac998f8016c65db0c9f988472d5a2aeac1ad34a688726602f5a874,materials_maintext_candidates/candidate_005/final.cif,True,stdout_relax.log_only; original OUTCAR/OSZICAR unavailable,176,11,outputs/dft_candidate_selection/selected_dft_candidates.csv; not relabelled as Gate_round,2026-07-04T15:10:56.475022+00:00,outputs/dft_candidate_selection/selected_dft_candidates.csv,2b03042921df1ff7be001c51c5f9423012cfbf80e3a777b35aa2291d1228e944,/root/dft_limo/outputs/dft_candidate_selection/vasp_inputs/candidate_005_LiCr2O4_job_073_Cr_fe_-1.375_n4_generated_crystals_cif__gen_0
job_092_Cr_fe_-1.075_n4_generated_crystals_cif__gen_1,LiCr2O4,pilot,"post-screening multi-criterion score: early acquisition, ALIGNN interval evidence, structural sanity, and diversity",,MISSING_no_contemporaneous_result_blind_freeze_record,unknown,,,static_finished,False,True,,,False,retained pilot selection #4; recorded score=0.556778026615,materials_maintext_candidates/candidate_004,materials_maintext_candidates/candidate_004/final.cif,1d90afb9ee348aa9416dd9540873b9e0897dcf4e030078d67856c15b0c43bb9a,materials_maintext_candidates/candidate_004/final.cif,True,stdout_relax.log_only; original OUTCAR/OSZICAR unavailable,228,15,outputs/dft_candidate_selection/selected_dft_candidates.csv; not relabelled as Gate_round,2026-07-04T15:10:56.475022+00:00,outputs/dft_candidate_selection/selected_dft_candidates.csv,2b03042921df1ff7be001c51c5f9423012cfbf80e3a777b35aa2291d1228e944,/root/dft_limo/outputs/dft_candidate_selection/vasp_inputs/candidate_004_LiCr2O4_job_092_Cr_fe_-1.075_n4_generated_crystals_cif__gen_1
job_148_Mn_fe_-0.904_n4_generated_crystals_cif__gen_1,LiMn2O4,pilot,"post-screening multi-criterion score: early acquisition, ALIGNN interval evidence, structural sanity, and diversity",,MISSING_no_contemporaneous_result_blind_freeze_record,unknown,,,static_finished,False,True,,,False,retained pilot selection #3; recorded score=0.56915380546,materials_maintext_candidates/candidate_003,materials_maintext_candidates/candidate_003/final.cif,5ef4b73c78296f1ce3a2aa2c8cce7263a59689533b07bd6b967526852bf35c9c,materials_maintext_candidates/candidate_003/final.cif,True,stdout_relax.log_only; original OUTCAR/OSZICAR unavailable,147,10,outputs/dft_candidate_selection/selected_dft_candidates.csv; not relabelled as Gate_round,2026-07-04T15:10:56.475022+00:00,outputs/dft_candidate_selection/selected_dft_candidates.csv,2b03042921df1ff7be001c51c5f9423012cfbf80e3a777b35aa2291d1228e944,/root/dft_limo/outputs/dft_candidate_selection/vasp_inputs/candidate_003_LiMn2O4_job_148_Mn_fe_-0.904_n4_generated_crystals_cif__gen_1
job_182_Cr_fe_-1.464_n4_generated_crystals_cif__gen_2,LiCr2O4,pilot,"post-screening multi-criterion score: early acquisition, ALIGNN interval evidence, structural sanity, and diversity",,MISSING_no_contemporaneous_result_blind_freeze_record,unknown,,,failed_static_electronic_nonconvergence,False,True,static,static electronic convergence marker absent,False,retained pilot selection #7; recorded score=0.431457843562,materials_maintext_candidates/candidate_007,materials_maintext_candidates/candidate_007/final.cif,8d6226fd18571686bb897588c0c6ef8d5e7cdb40a25c2030c79524552f0d89eb,materials_maintext_candidates/candidate_007/final.cif,True,stdout_relax.log_only; original OUTCAR/OSZICAR unavailable,227,15,outputs/dft_candidate_selection/selected_dft_candidates.csv; not relabelled as Gate_round,2026-07-04T15:10:56.475022+00:00,outputs/dft_candidate_selection/selected_dft_candidates.csv,2b03042921df1ff7be001c51c5f9423012cfbf80e3a777b35aa2291d1228e944,/root/dft_limo/outputs/dft_candidate_selection/vasp_inputs/candidate_007_LiCr2O4_job_182_Cr_fe_-1.464_n4_generated_crystals_cif__gen_2
job_201_Cr_fe_-1.216_n4_generated_crystals_cif__gen_2,LiCr2O4,pilot,"post-screening multi-criterion score: early acquisition, ALIGNN interval evidence, structural sanity, and diversity",,MISSING_no_contemporaneous_result_blind_freeze_record,unknown,,,static_finished,False,True,,,False,retained pilot selection #1; recorded score=0.825609574321,materials_maintext_candidates/candidate_001,materials_maintext_candidates/candidate_001/final.cif,98ffdf1a0c8f2d88988e830663fbf9d25f2dce08b9f41824a9c15e52d5d1fea9,materials_maintext_candidates/candidate_001/final.cif,True,stdout_relax.log_only; original OUTCAR/OSZICAR unavailable,36,3,outputs/dft_candidate_selection/selected_dft_candidates.csv; not relabelled as Gate_round,2026-07-04T15:10:56.475022+00:00,outputs/dft_candidate_selection/selected_dft_candidates.csv,2b03042921df1ff7be001c51c5f9423012cfbf80e3a777b35aa2291d1228e944,/root/dft_limo/outputs/dft_candidate_selection/vasp_inputs/candidate_001_LiCr2O4_job_201_Cr_fe_-1.216_n4_generated_crystals_cif__gen_2
job_249_Cr_fe_-1.500_n4_generated_crystals_cif__gen_1,LiCr2O4,pilot,"post-screening multi-criterion score: early acquisition, ALIGNN interval evidence, structural sanity, and diversity",,MISSING_no_contemporaneous_result_blind_freeze_record,unknown,,,static_finished,False,True,,,False,retained pilot selection #6; recorded score=0.487919839312,materials_maintext_candidates/candidate_006,materials_maintext_candidates/candidate_006/final.cif,3c51957ba036d647eaffa9896577721ec4ce0188e9544e593f5a61bfc7ce1568,materials_maintext_candidates/candidate_006/final.cif,True,stdout_relax.log_only; original OUTCAR/OSZICAR unavailable,172,11,outputs/dft_candidate_selection/selected_dft_candidates.csv; not relabelled as Gate_round,2026-07-04T15:10:56.475022+00:00,outputs/dft_candidate_selection/selected_dft_candidates.csv,2b03042921df1ff7be001c51c5f9423012cfbf80e3a777b35aa2291d1228e944,/root/dft_limo/outputs/dft_candidate_selection/vasp_inputs/candidate_006_LiCr2O4_job_249_Cr_fe_-1.500_n4_generated_crystals_cif__gen_1
