candidate_id,p_dft_evaluable,prediction_role
job_003_Mn_fe_-1.026_n4_generated_crystals_cif__gen_0,0.2269081869153368,prospective_unlabeled
job_004_Mg_fe_-1.439_n4_generated_crystals_cif__gen_1,0.2552349649216492,prospective_unlabeled
job_006_Mn_fe_-1.347_n4_generated_crystals_cif__gen_0,0.4566068423686816,prospective_unlabeled
job_006_Mn_fe_-1.347_n4_generated_crystals_cif__gen_1,0.7698396832756944,selected_model_oof
job_006_Mn_fe_-1.347_n4_generated_crystals_cif__gen_2,0.4313555720987794,prospective_unlabeled
job_006_Mn_fe_-1.347_n4_generated_crystals_cif__gen_3,0.7216515945882569,prospective_unlabeled
job_007_Mg_fe_-1.079_n4_generated_crystals_cif__gen_0,0.645165571063296,prospective_unlabeled
job_008_Mg_fe_-1.361_n4_generated_crystals_cif__gen_1,0.8262033133688947,prospective_unlabeled
job_011_Mg_fe_-1.305_n4_generated_crystals_cif__gen_0,0.7698396832756944,selected_model_oof
job_011_Mg_fe_-1.305_n4_generated_crystals_cif__gen_2,0.79020736509301,prospective_unlabeled
job_012_Cr_fe_-1.495_n4_generated_crystals_cif__gen_0,0.3147768490612918,prospective_unlabeled
job_012_Cr_fe_-1.495_n4_generated_crystals_cif__gen_3,0.7695878626160884,prospective_unlabeled
job_013_Cr_fe_-1.388_n4_generated_crystals_cif__gen_0,0.7065650710950928,prospective_unlabeled
job_013_Cr_fe_-1.388_n4_generated_crystals_cif__gen_1,0.7414115573675113,prospective_unlabeled
job_013_Cr_fe_-1.388_n4_generated_crystals_cif__gen_2,0.7420748853461303,prospective_unlabeled
job_013_Cr_fe_-1.388_n4_generated_crystals_cif__gen_3,0.6495684850001285,prospective_unlabeled
job_016_Cr_fe_-1.264_n4_generated_crystals_cif__gen_1,0.7080469618485223,prospective_unlabeled
job_016_Cr_fe_-1.264_n4_generated_crystals_cif__gen_2,0.7748501763278156,prospective_unlabeled
job_016_Cr_fe_-1.264_n4_generated_crystals_cif__gen_3,0.7172756609482576,prospective_unlabeled
job_017_Mn_fe_-1.234_n4_generated_crystals_cif__gen_0,0.7222618307188479,prospective_unlabeled
job_017_Mn_fe_-1.234_n4_generated_crystals_cif__gen_1,0.5106727754077964,prospective_unlabeled
job_017_Mn_fe_-1.234_n4_generated_crystals_cif__gen_2,0.6187415401014863,prospective_unlabeled
job_017_Mn_fe_-1.234_n4_generated_crystals_cif__gen_3,0.4819581228708071,prospective_unlabeled
job_019_Mg_fe_-1.315_n4_generated_crystals_cif__gen_0,0.2366243291071848,prospective_unlabeled
job_020_Mn_fe_-0.989_n4_generated_crystals_cif__gen_0,0.5142365967825031,prospective_unlabeled
job_020_Mn_fe_-0.989_n4_generated_crystals_cif__gen_1,0.3973394732797211,prospective_unlabeled
job_020_Mn_fe_-0.989_n4_generated_crystals_cif__gen_3,0.4267246524123038,prospective_unlabeled
job_021_Mg_fe_-1.413_n4_generated_crystals_cif__gen_0,0.6324371421300417,prospective_unlabeled
job_021_Mg_fe_-1.413_n4_generated_crystals_cif__gen_3,0.816774087595426,prospective_unlabeled
job_024_Mg_fe_-0.880_n4_generated_crystals_cif__gen_0,0.7848636232008771,prospective_unlabeled
job_024_Mg_fe_-0.880_n4_generated_crystals_cif__gen_3,0.2353316522244071,prospective_unlabeled
job_029_Cr_fe_-1.337_n4_generated_crystals_cif__gen_1,0.8957765114792163,prospective_unlabeled
job_029_Cr_fe_-1.337_n4_generated_crystals_cif__gen_2,0.803898804892327,selected_model_oof
job_029_Cr_fe_-1.337_n4_generated_crystals_cif__gen_3,0.8822488100779574,prospective_unlabeled
job_030_Mn_fe_-1.234_n4_generated_crystals_cif__gen_0,0.4678245412916306,prospective_unlabeled
job_030_Mn_fe_-1.234_n4_generated_crystals_cif__gen_1,0.5016778945725521,prospective_unlabeled
job_030_Mn_fe_-1.234_n4_generated_crystals_cif__gen_2,0.4837626490458648,prospective_unlabeled
job_030_Mn_fe_-1.234_n4_generated_crystals_cif__gen_3,0.3813052550562842,prospective_unlabeled
job_036_Mg_fe_-1.056_n4_generated_crystals_cif__gen_1,0.6448171024331755,prospective_unlabeled
job_042_Cr_fe_-0.962_n4_generated_crystals_cif__gen_0,0.696557959792479,prospective_unlabeled
job_042_Cr_fe_-0.962_n4_generated_crystals_cif__gen_1,0.7390736215292035,prospective_unlabeled
job_042_Cr_fe_-0.962_n4_generated_crystals_cif__gen_2,0.9079667122711558,prospective_unlabeled
job_042_Cr_fe_-0.962_n4_generated_crystals_cif__gen_3,0.8675744472212803,prospective_unlabeled
job_043_Mn_fe_-1.340_n4_generated_crystals_cif__gen_1,0.6938216253852769,prospective_unlabeled
job_043_Mn_fe_-1.340_n4_generated_crystals_cif__gen_3,0.4497429052941683,prospective_unlabeled
job_044_Mn_fe_-0.936_n4_generated_crystals_cif__gen_0,0.5175315275854377,prospective_unlabeled
job_044_Mn_fe_-0.936_n4_generated_crystals_cif__gen_1,0.7818139623664958,selected_model_oof
job_044_Mn_fe_-0.936_n4_generated_crystals_cif__gen_2,0.5462696046855546,prospective_unlabeled
job_044_Mn_fe_-0.936_n4_generated_crystals_cif__gen_3,0.6238876015789273,prospective_unlabeled
job_047_Mg_fe_-0.887_n4_generated_crystals_cif__gen_3,0.7906356373787183,prospective_unlabeled
job_057_Mn_fe_-0.971_n4_generated_crystals_cif__gen_0,0.2097008930254008,prospective_unlabeled
job_057_Mn_fe_-0.971_n4_generated_crystals_cif__gen_1,0.5727249525079888,prospective_unlabeled
job_058_Cr_fe_-1.423_n4_generated_crystals_cif__gen_0,0.6208096809951579,selected_model_oof
job_058_Cr_fe_-1.423_n4_generated_crystals_cif__gen_1,0.7736354017379147,prospective_unlabeled
job_058_Cr_fe_-1.423_n4_generated_crystals_cif__gen_2,0.7405056157084942,prospective_unlabeled
job_058_Cr_fe_-1.423_n4_generated_crystals_cif__gen_3,0.6265172532804553,prospective_unlabeled
job_061_Mn_fe_-1.231_n4_generated_crystals_cif__gen_0,0.671734210296936,prospective_unlabeled
job_061_Mn_fe_-1.231_n4_generated_crystals_cif__gen_2,0.7006997128466907,prospective_unlabeled
job_061_Mn_fe_-1.231_n4_generated_crystals_cif__gen_3,0.5009054246783257,prospective_unlabeled
job_062_Mg_fe_-0.803_n4_generated_crystals_cif__gen_0,0.5913752488951816,prospective_unlabeled
job_062_Mg_fe_-0.803_n4_generated_crystals_cif__gen_1,0.2223790672333522,prospective_unlabeled
job_065_Mn_fe_-1.024_n4_generated_crystals_cif__gen_0,0.4902747782537565,prospective_unlabeled
job_065_Mn_fe_-1.024_n4_generated_crystals_cif__gen_1,0.4242331937321967,prospective_unlabeled
job_065_Mn_fe_-1.024_n4_generated_crystals_cif__gen_2,0.4330123332045146,prospective_unlabeled
job_066_Mn_fe_-1.023_n4_generated_crystals_cif__gen_0,0.26493734986134,prospective_unlabeled
job_066_Mn_fe_-1.023_n4_generated_crystals_cif__gen_1,0.5340752986356097,prospective_unlabeled
job_066_Mn_fe_-1.023_n4_generated_crystals_cif__gen_2,0.4254112321024085,prospective_unlabeled
job_066_Mn_fe_-1.023_n4_generated_crystals_cif__gen_3,0.460651985143314,prospective_unlabeled
job_067_Mg_fe_-0.974_n4_generated_crystals_cif__gen_1,0.788557810321563,prospective_unlabeled
job_068_Cr_fe_-1.051_n4_generated_crystals_cif__gen_0,0.7192103705280246,prospective_unlabeled
job_068_Cr_fe_-1.051_n4_generated_crystals_cif__gen_1,0.724625494040051,prospective_unlabeled
job_068_Cr_fe_-1.051_n4_generated_crystals_cif__gen_3,0.4810703839314101,prospective_unlabeled
job_069_Mn_fe_-1.295_n4_generated_crystals_cif__gen_0,0.5544953608046534,prospective_unlabeled
job_069_Mn_fe_-1.295_n4_generated_crystals_cif__gen_1,0.3038842320369616,prospective_unlabeled
job_069_Mn_fe_-1.295_n4_generated_crystals_cif__gen_2,0.4899985929887623,prospective_unlabeled
job_069_Mn_fe_-1.295_n4_generated_crystals_cif__gen_3,0.4213863554466019,prospective_unlabeled
job_073_Cr_fe_-1.375_n4_generated_crystals_cif__gen_0,0.1558326960552503,selected_model_oof
job_073_Cr_fe_-1.375_n4_generated_crystals_cif__gen_1,0.765815746844237,prospective_unlabeled
job_073_Cr_fe_-1.375_n4_generated_crystals_cif__gen_2,0.7217621694162603,prospective_unlabeled
job_073_Cr_fe_-1.375_n4_generated_crystals_cif__gen_3,0.7299144479590304,prospective_unlabeled
job_074_Mn_fe_-0.891_n4_generated_crystals_cif__gen_1,0.4300471570223464,prospective_unlabeled
job_074_Mn_fe_-0.891_n4_generated_crystals_cif__gen_2,0.1914211608305307,prospective_unlabeled
job_074_Mn_fe_-0.891_n4_generated_crystals_cif__gen_3,0.6102633251869604,prospective_unlabeled
job_076_Mg_fe_-1.074_n4_generated_crystals_cif__gen_0,0.592342439564561,prospective_unlabeled
job_079_Cr_fe_-0.854_n4_generated_crystals_cif__gen_0,0.7568457407940025,prospective_unlabeled
job_079_Cr_fe_-0.854_n4_generated_crystals_cif__gen_1,0.4059241653948281,prospective_unlabeled
job_079_Cr_fe_-0.854_n4_generated_crystals_cif__gen_2,0.405982345325422,prospective_unlabeled
job_080_Mn_fe_-1.081_n4_generated_crystals_cif__gen_0,0.4142514306373603,prospective_unlabeled
job_080_Mn_fe_-1.081_n4_generated_crystals_cif__gen_1,0.4588995351870734,prospective_unlabeled
job_080_Mn_fe_-1.081_n4_generated_crystals_cif__gen_2,0.4573810817789134,prospective_unlabeled
job_080_Mn_fe_-1.081_n4_generated_crystals_cif__gen_3,0.2457993203156838,prospective_unlabeled
job_083_Cr_fe_-0.935_n4_generated_crystals_cif__gen_1,0.1611331325078833,selected_model_oof
job_083_Cr_fe_-0.935_n4_generated_crystals_cif__gen_2,0.739379549973265,prospective_unlabeled
job_085_Mg_fe_-0.837_n4_generated_crystals_cif__gen_2,0.3103046147981195,prospective_unlabeled
job_086_Mn_fe_-0.988_n4_generated_crystals_cif__gen_0,0.5126508023981395,prospective_unlabeled
job_086_Mn_fe_-0.988_n4_generated_crystals_cif__gen_1,0.5518682666052884,prospective_unlabeled
job_086_Mn_fe_-0.988_n4_generated_crystals_cif__gen_2,0.7698396832756944,selected_model_oof
job_086_Mn_fe_-0.988_n4_generated_crystals_cif__gen_3,0.2322090795625195,prospective_unlabeled
job_087_Cr_fe_-1.452_n4_generated_crystals_cif__gen_0,0.6881375583865521,prospective_unlabeled
job_087_Cr_fe_-1.452_n4_generated_crystals_cif__gen_2,0.5597260729137266,prospective_unlabeled
job_087_Cr_fe_-1.452_n4_generated_crystals_cif__gen_3,0.7479777658431975,prospective_unlabeled
job_088_Cr_fe_-1.127_n4_generated_crystals_cif__gen_0,0.6496636058569562,prospective_unlabeled
job_088_Cr_fe_-1.127_n4_generated_crystals_cif__gen_1,0.7304032498093862,prospective_unlabeled
job_088_Cr_fe_-1.127_n4_generated_crystals_cif__gen_2,0.8819052145002622,prospective_unlabeled
job_088_Cr_fe_-1.127_n4_generated_crystals_cif__gen_3,0.7402244082234678,prospective_unlabeled
job_092_Cr_fe_-1.075_n4_generated_crystals_cif__gen_1,0.2405524615629073,selected_model_oof
job_092_Cr_fe_-1.075_n4_generated_crystals_cif__gen_2,0.8424984103749494,prospective_unlabeled
job_092_Cr_fe_-1.075_n4_generated_crystals_cif__gen_3,0.2048887944897085,prospective_unlabeled
job_094_Cr_fe_-0.989_n4_generated_crystals_cif__gen_0,0.4193213908800147,prospective_unlabeled
job_094_Cr_fe_-0.989_n4_generated_crystals_cif__gen_1,0.7720116616490583,prospective_unlabeled
job_094_Cr_fe_-0.989_n4_generated_crystals_cif__gen_2,0.8795473095553672,prospective_unlabeled
job_098_Mg_fe_-1.184_n4_generated_crystals_cif__gen_1,0.7943110874633722,prospective_unlabeled
job_101_Mg_fe_-1.339_n4_generated_crystals_cif__gen_1,0.28204825863915,selected_model_oof
job_101_Mg_fe_-1.339_n4_generated_crystals_cif__gen_2,0.2810591896199564,prospective_unlabeled
job_105_Mn_fe_-0.898_n4_generated_crystals_cif__gen_0,0.4310290865718325,prospective_unlabeled
job_105_Mn_fe_-0.898_n4_generated_crystals_cif__gen_1,0.5209371797331577,prospective_unlabeled
job_105_Mn_fe_-0.898_n4_generated_crystals_cif__gen_2,0.719707215783111,prospective_unlabeled
job_105_Mn_fe_-0.898_n4_generated_crystals_cif__gen_3,0.4723947184680235,prospective_unlabeled
job_106_Mn_fe_-1.140_n4_generated_crystals_cif__gen_1,0.4155675672159499,prospective_unlabeled
job_106_Mn_fe_-1.140_n4_generated_crystals_cif__gen_2,0.5611607888907697,prospective_unlabeled
job_106_Mn_fe_-1.140_n4_generated_crystals_cif__gen_3,0.5314660730944564,prospective_unlabeled
job_112_Cr_fe_-1.215_n4_generated_crystals_cif__gen_0,0.6889576410787862,prospective_unlabeled
job_112_Cr_fe_-1.215_n4_generated_crystals_cif__gen_1,0.7416272311851361,prospective_unlabeled
job_112_Cr_fe_-1.215_n4_generated_crystals_cif__gen_2,0.8924832894562995,prospective_unlabeled
job_112_Cr_fe_-1.215_n4_generated_crystals_cif__gen_3,0.7233833333291948,prospective_unlabeled
job_113_Mn_fe_-1.432_n4_generated_crystals_cif__gen_0,0.188853987789863,prospective_unlabeled
job_113_Mn_fe_-1.432_n4_generated_crystals_cif__gen_1,0.5520796038950373,prospective_unlabeled
job_113_Mn_fe_-1.432_n4_generated_crystals_cif__gen_2,0.5330706208759346,prospective_unlabeled
job_118_Mn_fe_-1.458_n4_generated_crystals_cif__gen_0,0.4207015336340188,prospective_unlabeled
job_118_Mn_fe_-1.458_n4_generated_crystals_cif__gen_1,0.3800065121866943,prospective_unlabeled
job_118_Mn_fe_-1.458_n4_generated_crystals_cif__gen_2,0.6802568148397495,prospective_unlabeled
job_118_Mn_fe_-1.458_n4_generated_crystals_cif__gen_3,0.4792193107918973,prospective_unlabeled
job_120_Cr_fe_-1.424_n4_generated_crystals_cif__gen_1,0.732259111959197,selected_model_oof
job_120_Cr_fe_-1.424_n4_generated_crystals_cif__gen_2,0.4993363030761964,prospective_unlabeled
job_120_Cr_fe_-1.424_n4_generated_crystals_cif__gen_3,0.5818510403625293,prospective_unlabeled
job_125_Mn_fe_-1.190_n4_generated_crystals_cif__gen_1,0.5268711566998134,prospective_unlabeled
job_125_Mn_fe_-1.190_n4_generated_crystals_cif__gen_2,0.2984949834246224,prospective_unlabeled
job_125_Mn_fe_-1.190_n4_generated_crystals_cif__gen_3,0.6157487389116806,prospective_unlabeled
job_126_Cr_fe_-0.901_n4_generated_crystals_cif__gen_0,0.8571772868194352,prospective_unlabeled
job_126_Cr_fe_-0.901_n4_generated_crystals_cif__gen_2,0.7615621156605943,prospective_unlabeled
job_126_Cr_fe_-0.901_n4_generated_crystals_cif__gen_3,0.3831580174063403,prospective_unlabeled
job_127_Mn_fe_-1.465_n4_generated_crystals_cif__gen_0,0.581711118483184,prospective_unlabeled
job_127_Mn_fe_-1.465_n4_generated_crystals_cif__gen_1,0.2078617450107704,prospective_unlabeled
job_127_Mn_fe_-1.465_n4_generated_crystals_cif__gen_2,0.7340427649138342,prospective_unlabeled
job_127_Mn_fe_-1.465_n4_generated_crystals_cif__gen_3,0.5465727758686026,prospective_unlabeled
job_128_Mg_fe_-0.915_n4_generated_crystals_cif__gen_2,0.7944770453543925,prospective_unlabeled
job_129_Mn_fe_-0.852_n4_generated_crystals_cif__gen_0,0.2020556069205239,prospective_unlabeled
job_129_Mn_fe_-0.852_n4_generated_crystals_cif__gen_1,0.5721158495827341,prospective_unlabeled
job_129_Mn_fe_-0.852_n4_generated_crystals_cif__gen_3,0.5697747876322911,prospective_unlabeled
job_130_Cr_fe_-1.335_n4_generated_crystals_cif__gen_0,0.7580861799626458,prospective_unlabeled
job_130_Cr_fe_-1.335_n4_generated_crystals_cif__gen_1,0.7283853047305116,prospective_unlabeled
job_130_Cr_fe_-1.335_n4_generated_crystals_cif__gen_2,0.7414494318785064,prospective_unlabeled
job_130_Cr_fe_-1.335_n4_generated_crystals_cif__gen_3,0.7490557704874629,prospective_unlabeled
job_133_Mn_fe_-1.385_n4_generated_crystals_cif__gen_0,0.4239172698011399,prospective_unlabeled
job_133_Mn_fe_-1.385_n4_generated_crystals_cif__gen_2,0.188207765156469,prospective_unlabeled
job_133_Mn_fe_-1.385_n4_generated_crystals_cif__gen_3,0.363811091656644,prospective_unlabeled
job_134_Mn_fe_-0.810_n4_generated_crystals_cif__gen_0,0.6999537817132486,prospective_unlabeled
job_134_Mn_fe_-0.810_n4_generated_crystals_cif__gen_1,0.4037449641240229,prospective_unlabeled
job_134_Mn_fe_-0.810_n4_generated_crystals_cif__gen_2,0.4957039781604105,prospective_unlabeled
job_134_Mn_fe_-0.810_n4_generated_crystals_cif__gen_3,0.5785807878928322,prospective_unlabeled
job_136_Cr_fe_-1.181_n4_generated_crystals_cif__gen_0,0.732259111959197,selected_model_oof
job_136_Cr_fe_-1.181_n4_generated_crystals_cif__gen_1,0.7304783853190309,prospective_unlabeled
job_136_Cr_fe_-1.181_n4_generated_crystals_cif__gen_2,0.7276219693157487,prospective_unlabeled
job_142_Mn_fe_-1.095_n4_generated_crystals_cif__gen_0,0.7739351617809489,prospective_unlabeled
job_142_Mn_fe_-1.095_n4_generated_crystals_cif__gen_1,0.4318533813279479,prospective_unlabeled
job_142_Mn_fe_-1.095_n4_generated_crystals_cif__gen_3,0.4921173808230643,prospective_unlabeled
job_143_Mg_fe_-1.457_n4_generated_crystals_cif__gen_1,0.8248236865983081,prospective_unlabeled
job_146_Cr_fe_-1.128_n4_generated_crystals_cif__gen_0,0.6753412241269616,prospective_unlabeled
job_146_Cr_fe_-1.128_n4_generated_crystals_cif__gen_1,0.7343145438351493,prospective_unlabeled
job_146_Cr_fe_-1.128_n4_generated_crystals_cif__gen_2,0.7145166723821201,prospective_unlabeled
job_146_Cr_fe_-1.128_n4_generated_crystals_cif__gen_3,0.644551594353636,prospective_unlabeled
job_147_Mn_fe_-0.827_n4_generated_crystals_cif__gen_0,0.2169074491117887,prospective_unlabeled
job_147_Mn_fe_-0.827_n4_generated_crystals_cif__gen_1,0.4829722506877205,prospective_unlabeled
job_148_Mn_fe_-0.904_n4_generated_crystals_cif__gen_0,0.7228374134078364,prospective_unlabeled
job_148_Mn_fe_-0.904_n4_generated_crystals_cif__gen_1,0.661657944460921,selected_model_oof
job_148_Mn_fe_-0.904_n4_generated_crystals_cif__gen_2,0.3331922460401546,selected_model_oof
job_148_Mn_fe_-0.904_n4_generated_crystals_cif__gen_3,0.5362598113098231,prospective_unlabeled
job_149_Mn_fe_-1.083_n4_generated_crystals_cif__gen_0,0.50446333604772,prospective_unlabeled
job_149_Mn_fe_-1.083_n4_generated_crystals_cif__gen_2,0.1692725996705695,prospective_unlabeled
job_149_Mn_fe_-1.083_n4_generated_crystals_cif__gen_3,0.483947400944513,prospective_unlabeled
job_154_Mn_fe_-1.207_n4_generated_crystals_cif__gen_1,0.55398033640769,prospective_unlabeled
job_154_Mn_fe_-1.207_n4_generated_crystals_cif__gen_2,0.5159472833804974,prospective_unlabeled
job_154_Mn_fe_-1.207_n4_generated_crystals_cif__gen_3,0.2816441068368382,prospective_unlabeled
job_155_Mg_fe_-1.104_n4_generated_crystals_cif__gen_3,0.790596843053491,prospective_unlabeled
job_162_Mn_fe_-1.493_n4_generated_crystals_cif__gen_0,0.4041707934602698,prospective_unlabeled
job_162_Mn_fe_-1.493_n4_generated_crystals_cif__gen_1,0.6567872093524433,prospective_unlabeled
job_162_Mn_fe_-1.493_n4_generated_crystals_cif__gen_2,0.4735641576130078,prospective_unlabeled
job_162_Mn_fe_-1.493_n4_generated_crystals_cif__gen_3,0.5858811941959563,prospective_unlabeled
job_163_Mg_fe_-0.801_n4_generated_crystals_cif__gen_3,0.7853789591745656,prospective_unlabeled
job_164_Mn_fe_-1.449_n4_generated_crystals_cif__gen_1,0.4905102786884955,prospective_unlabeled
job_164_Mn_fe_-1.449_n4_generated_crystals_cif__gen_2,0.292563193266662,prospective_unlabeled
job_167_Mn_fe_-0.885_n4_generated_crystals_cif__gen_1,0.5710145242799746,prospective_unlabeled
job_167_Mn_fe_-0.885_n4_generated_crystals_cif__gen_2,0.5607163280620118,prospective_unlabeled
job_167_Mn_fe_-0.885_n4_generated_crystals_cif__gen_3,0.534698506762005,selected_model_oof
job_171_Cr_fe_-1.042_n4_generated_crystals_cif__gen_0,0.7435405067218948,prospective_unlabeled
job_171_Cr_fe_-1.042_n4_generated_crystals_cif__gen_1,0.7317050572920912,prospective_unlabeled
job_171_Cr_fe_-1.042_n4_generated_crystals_cif__gen_2,0.858138172935063,prospective_unlabeled
job_171_Cr_fe_-1.042_n4_generated_crystals_cif__gen_3,0.3949503188042356,prospective_unlabeled
job_172_Mn_fe_-1.032_n4_generated_crystals_cif__gen_1,0.5487631854970549,prospective_unlabeled
job_172_Mn_fe_-1.032_n4_generated_crystals_cif__gen_3,0.4260229176655434,prospective_unlabeled
job_173_Mg_fe_-1.290_n4_generated_crystals_cif__gen_2,0.8055281376954284,prospective_unlabeled
job_176_Mn_fe_-0.980_n4_generated_crystals_cif__gen_0,0.5189843050035219,prospective_unlabeled
job_176_Mn_fe_-0.980_n4_generated_crystals_cif__gen_1,0.3934483790420416,prospective_unlabeled
job_176_Mn_fe_-0.980_n4_generated_crystals_cif__gen_2,0.4064677598468415,prospective_unlabeled
job_176_Mn_fe_-0.980_n4_generated_crystals_cif__gen_3,0.5287757196937202,prospective_unlabeled
job_178_Mg_fe_-1.353_n4_generated_crystals_cif__gen_1,0.8222477012049736,prospective_unlabeled
job_181_Mg_fe_-1.158_n4_generated_crystals_cif__gen_0,0.7869540815084948,prospective_unlabeled
job_181_Mg_fe_-1.158_n4_generated_crystals_cif__gen_3,0.282745429518501,prospective_unlabeled
job_182_Cr_fe_-1.464_n4_generated_crystals_cif__gen_0,0.7662081153077093,prospective_unlabeled
job_182_Cr_fe_-1.464_n4_generated_crystals_cif__gen_1,0.7219707985446316,prospective_unlabeled
job_182_Cr_fe_-1.464_n4_generated_crystals_cif__gen_2,0.1558326960552503,selected_model_oof
job_182_Cr_fe_-1.464_n4_generated_crystals_cif__gen_3,0.7458629661506683,prospective_unlabeled
job_189_Mg_fe_-1.493_n4_generated_crystals_cif__gen_1,0.802663342049416,prospective_unlabeled
job_190_Mn_fe_-0.838_n4_generated_crystals_cif__gen_1,0.4798653399835574,prospective_unlabeled
job_190_Mn_fe_-0.838_n4_generated_crystals_cif__gen_2,0.1990032825142934,prospective_unlabeled
job_192_Mg_fe_-1.475_n4_generated_crystals_cif__gen_0,0.8219242358896475,prospective_unlabeled
job_195_Mn_fe_-1.284_n4_generated_crystals_cif__gen_0,0.6845163672318278,prospective_unlabeled
job_195_Mn_fe_-1.284_n4_generated_crystals_cif__gen_1,0.4256715417222845,prospective_unlabeled
job_195_Mn_fe_-1.284_n4_generated_crystals_cif__gen_3,0.6887234785358324,prospective_unlabeled
job_196_Cr_fe_-0.819_n4_generated_crystals_cif__gen_1,0.2409000838189922,prospective_unlabeled
job_196_Cr_fe_-0.819_n4_generated_crystals_cif__gen_2,0.7143251092055876,prospective_unlabeled
job_196_Cr_fe_-0.819_n4_generated_crystals_cif__gen_3,0.7376564180451762,prospective_unlabeled
job_197_Mn_fe_-0.871_n4_generated_crystals_cif__gen_0,0.5920501864566906,prospective_unlabeled
job_197_Mn_fe_-0.871_n4_generated_crystals_cif__gen_1,0.2178478239787586,prospective_unlabeled
job_197_Mn_fe_-0.871_n4_generated_crystals_cif__gen_2,0.5078943843781338,prospective_unlabeled
job_200_Cr_fe_-1.108_n4_generated_crystals_cif__gen_0,0.7106987532024752,prospective_unlabeled
job_200_Cr_fe_-1.108_n4_generated_crystals_cif__gen_2,0.7173698564351173,prospective_unlabeled
job_200_Cr_fe_-1.108_n4_generated_crystals_cif__gen_3,0.7164911602670148,prospective_unlabeled
job_201_Cr_fe_-1.216_n4_generated_crystals_cif__gen_0,0.8923967713067077,prospective_unlabeled
job_201_Cr_fe_-1.216_n4_generated_crystals_cif__gen_1,0.7408974536265167,prospective_unlabeled
job_201_Cr_fe_-1.216_n4_generated_crystals_cif__gen_2,0.1558326960552503,selected_model_oof
job_201_Cr_fe_-1.216_n4_generated_crystals_cif__gen_3,0.8535448838678896,prospective_unlabeled
job_204_Cr_fe_-0.932_n4_generated_crystals_cif__gen_0,0.7771414844243733,prospective_unlabeled
job_204_Cr_fe_-0.932_n4_generated_crystals_cif__gen_3,0.9676303923050524,selected_model_oof
job_207_Cr_fe_-0.848_n4_generated_crystals_cif__gen_1,0.6941126738251753,prospective_unlabeled
job_207_Cr_fe_-0.848_n4_generated_crystals_cif__gen_2,0.7008958908275648,prospective_unlabeled
job_208_Cr_fe_-1.031_n4_generated_crystals_cif__gen_0,0.7473003986235223,prospective_unlabeled
job_208_Cr_fe_-1.031_n4_generated_crystals_cif__gen_1,0.7345485881416998,prospective_unlabeled
job_208_Cr_fe_-1.031_n4_generated_crystals_cif__gen_2,0.7375624292912804,prospective_unlabeled
job_208_Cr_fe_-1.031_n4_generated_crystals_cif__gen_3,0.8784462298782373,prospective_unlabeled
job_212_Cr_fe_-1.473_n4_generated_crystals_cif__gen_0,0.7524268590684586,prospective_unlabeled
job_212_Cr_fe_-1.473_n4_generated_crystals_cif__gen_2,0.7809973745565075,prospective_unlabeled
job_212_Cr_fe_-1.473_n4_generated_crystals_cif__gen_3,0.8866023054897056,prospective_unlabeled
job_214_Cr_fe_-0.857_n4_generated_crystals_cif__gen_0,0.732259111959197,selected_model_oof
job_214_Cr_fe_-0.857_n4_generated_crystals_cif__gen_1,0.496215297908662,prospective_unlabeled
job_214_Cr_fe_-0.857_n4_generated_crystals_cif__gen_3,0.7530299591698077,prospective_unlabeled
job_216_Cr_fe_-0.890_n4_generated_crystals_cif__gen_0,0.7375337521995776,prospective_unlabeled
job_216_Cr_fe_-0.890_n4_generated_crystals_cif__gen_2,0.7687369530599756,prospective_unlabeled
job_216_Cr_fe_-0.890_n4_generated_crystals_cif__gen_3,0.7216774394870843,prospective_unlabeled
job_220_Cr_fe_-1.305_n4_generated_crystals_cif__gen_0,0.7612806672219367,prospective_unlabeled
job_220_Cr_fe_-1.305_n4_generated_crystals_cif__gen_1,0.8883401709575751,prospective_unlabeled
job_220_Cr_fe_-1.305_n4_generated_crystals_cif__gen_2,0.3684799898345629,prospective_unlabeled
job_223_Mg_fe_-1.268_n4_generated_crystals_cif__gen_1,0.8282808992221965,prospective_unlabeled
job_224_Mn_fe_-1.419_n4_generated_crystals_cif__gen_0,0.4257333249194916,prospective_unlabeled
job_224_Mn_fe_-1.419_n4_generated_crystals_cif__gen_2,0.5017713662295313,prospective_unlabeled
job_224_Mn_fe_-1.419_n4_generated_crystals_cif__gen_3,0.5083165093688496,prospective_unlabeled
job_227_Mg_fe_-1.196_n4_generated_crystals_cif__gen_3,0.5812318586127019,prospective_unlabeled
job_230_Mg_fe_-1.419_n4_generated_crystals_cif__gen_3,0.7878704734201486,prospective_unlabeled
job_232_Mn_fe_-1.004_n4_generated_crystals_cif__gen_1,0.6925450094089673,prospective_unlabeled
job_232_Mn_fe_-1.004_n4_generated_crystals_cif__gen_2,0.3672340531805006,prospective_unlabeled
job_232_Mn_fe_-1.004_n4_generated_crystals_cif__gen_3,0.3740849240523277,prospective_unlabeled
job_233_Mn_fe_-1.136_n4_generated_crystals_cif__gen_0,0.5303784975295541,prospective_unlabeled
job_233_Mn_fe_-1.136_n4_generated_crystals_cif__gen_1,0.5049877247567938,prospective_unlabeled
job_233_Mn_fe_-1.136_n4_generated_crystals_cif__gen_2,0.5318208314387465,prospective_unlabeled
job_234_Cr_fe_-1.123_n4_generated_crystals_cif__gen_0,0.8711079774887389,prospective_unlabeled
job_234_Cr_fe_-1.123_n4_generated_crystals_cif__gen_2,0.6994444702210099,prospective_unlabeled
job_234_Cr_fe_-1.123_n4_generated_crystals_cif__gen_3,0.4364258625687119,prospective_unlabeled
job_239_Mg_fe_-1.280_n4_generated_crystals_cif__gen_2,0.4253849099058595,prospective_unlabeled
job_240_Cr_fe_-1.413_n4_generated_crystals_cif__gen_0,0.7794804207375529,prospective_unlabeled
job_240_Cr_fe_-1.413_n4_generated_crystals_cif__gen_1,0.7413713478264299,prospective_unlabeled
job_240_Cr_fe_-1.413_n4_generated_crystals_cif__gen_2,0.728915944454991,prospective_unlabeled
job_249_Cr_fe_-1.500_n4_generated_crystals_cif__gen_0,0.6658840078735365,prospective_unlabeled
job_249_Cr_fe_-1.500_n4_generated_crystals_cif__gen_1,0.1558326960552503,selected_model_oof
job_249_Cr_fe_-1.500_n4_generated_crystals_cif__gen_2,0.6201196832143931,prospective_unlabeled
job_249_Cr_fe_-1.500_n4_generated_crystals_cif__gen_3,0.2814329514868702,prospective_unlabeled
