candidate_id,formula,cohort,configuration_source,relaxation_calculation_id,static_calculation_id,initial_volume_A3,final_volume_A3,relative_volume_change_percent,minimum_interatomic_distance_A,minimum_M_O_distance_A,Fmax_eV_A,Fmax_source,electronic_converged,ionic_convergence_status,final_total_energy_eV,final_total_magnetic_moment,initial_space_group,final_space_group,initial_structure_path,final_structure_path,final_static_outcar_path,metric_definition
job_006_Mn_fe_-1.347_n4_generated_crystals_cif__gen_1,LiMn2O4,new,GGA+U configuration,03_gga_u_relax,04_gga_u_static,68.78014098515087,74.621639711321,8.493001966121685,1.8997503085094236,1.8997503085094236,0.061179775825022445,final static OUTCAR on relaxed geometry,True,converged,-47.66013221,7.0001,C2/m (12),P1 (1),new12_dft_final/candidate_outputs/candidate_010_Mn_job_006_Mn_fe_-1.347_n4_generated_crystals_cif__gen_1/stages/03_gga_u_relax/POSCAR,new12_dft_final/candidate_outputs/candidate_010_Mn_job_006_Mn_fe_-1.347_n4_generated_crystals_cif__gen_1/stages/03_gga_u_relax/CONTCAR,new12_dft_final/candidate_outputs/candidate_010_Mn_job_006_Mn_fe_-1.347_n4_generated_crystals_cif__gen_1/stages/04_gga_u_static/OUTCAR,periodic minimum-image distances; Fmax and energy from final static output
job_011_Mg_fe_-1.305_n4_generated_crystals_cif__gen_0,LiMg2O4,new,PBE configuration,01_pbe_relax,02_pbe_static,76.21996764978414,77.09375967586969,1.1464082877868131,2.0539698571835308,2.0539698571835308,0.06326346125529334,final static OUTCAR on relaxed geometry,True,converged,-35.25879476,3.0001,I-4m2 (119),I-4m2 (119),new12_dft_final/candidate_outputs/candidate_011_Mg_job_011_Mg_fe_-1.305_n4_generated_crystals_cif__gen_0/stages/01_pbe_relax/POSCAR,new12_dft_final/candidate_outputs/candidate_011_Mg_job_011_Mg_fe_-1.305_n4_generated_crystals_cif__gen_0/stages/01_pbe_relax/CONTCAR,new12_dft_final/candidate_outputs/candidate_011_Mg_job_011_Mg_fe_-1.305_n4_generated_crystals_cif__gen_0/stages/02_pbe_static/OUTCAR,periodic minimum-image distances; Fmax and energy from final static output
job_044_Mn_fe_-0.936_n4_generated_crystals_cif__gen_1,LiMn2O4,new,lower-energy configuration among the two tested initializations,tight_state_fm_01_tight_relax,tight_state_fm_02_static,75.65656421711157,75.6448468375787,-0.015487591399528624,1.9247503215370323,1.9247503215370323,0.0437004140369402,final static OUTCAR on relaxed geometry,True,converged,-47.85069284,7.0,P2/m (10),P2/m (10),new12_dft_final/candidate_outputs/candidate_006_Mn_job_044_Mn_fe_-0.936_n4_generated_crystals_cif__gen_1/tight_magnetic_states/state_fm/01_tight_relax/POSCAR,new12_dft_final/candidate_outputs/candidate_006_Mn_job_044_Mn_fe_-0.936_n4_generated_crystals_cif__gen_1/tight_magnetic_states/state_fm/01_tight_relax/CONTCAR,new12_dft_final/candidate_outputs/candidate_006_Mn_job_044_Mn_fe_-0.936_n4_generated_crystals_cif__gen_1/tight_magnetic_states/state_fm/02_static/OUTCAR,periodic minimum-image distances; Fmax and energy from final static output
job_083_Cr_fe_-0.935_n4_generated_crystals_cif__gen_1,LiCr2O4,new,GGA+U configuration,03_gga_u_relax,04_gga_u_static,71.19545739181527,73.64481439647162,3.4403276478394123,1.9256548747966615,1.9256548747966615,0.033201772512924665,final static OUTCAR on relaxed geometry,True,converged,-49.24208766,4.9997,R-3m (166),R-3m (166),new12_dft_final/candidate_outputs/candidate_005_Cr_job_083_Cr_fe_-0.935_n4_generated_crystals_cif__gen_1/stages/03_gga_u_relax/POSCAR,new12_dft_final/candidate_outputs/candidate_005_Cr_job_083_Cr_fe_-0.935_n4_generated_crystals_cif__gen_1/stages/03_gga_u_relax/CONTCAR,new12_dft_final/candidate_outputs/candidate_005_Cr_job_083_Cr_fe_-0.935_n4_generated_crystals_cif__gen_1/stages/04_gga_u_static/OUTCAR,periodic minimum-image distances; Fmax and energy from final static output
job_086_Mn_fe_-0.988_n4_generated_crystals_cif__gen_2,LiMn2O4,new,lower-energy configuration among the two tested initializations,tight_state_fm_01_tight_relax,tight_state_fm_02_static,74.66967175569795,75.21543667026249,0.7309057368701996,1.8967166046097987,1.8967166046097987,0.04712470806275621,final static OUTCAR on relaxed geometry,True,converged,-47.6690802,7.0001,P1 (1),P1 (1),new12_dft_final/candidate_outputs/candidate_009_Mn_job_086_Mn_fe_-0.988_n4_generated_crystals_cif__gen_2/tight_magnetic_states/state_fm/01_tight_relax/POSCAR,new12_dft_final/candidate_outputs/candidate_009_Mn_job_086_Mn_fe_-0.988_n4_generated_crystals_cif__gen_2/tight_magnetic_states/state_fm/01_tight_relax/CONTCAR,new12_dft_final/candidate_outputs/candidate_009_Mn_job_086_Mn_fe_-0.988_n4_generated_crystals_cif__gen_2/tight_magnetic_states/state_fm/02_static/OUTCAR,periodic minimum-image distances; Fmax and energy from final static output
job_101_Mg_fe_-1.339_n4_generated_crystals_cif__gen_1,LiMg2O4,new,PBE configuration,01_pbe_relax,02_pbe_static,71.71772290593377,72.95789366592551,1.7292388962465686,2.0712033542938646,2.0869925585876667,0.027193100926521784,final static OUTCAR on relaxed geometry,True,converged,-35.50340314,3.0001,I4/mmm (139),I4/mmm (139),new12_dft_final/candidate_outputs/candidate_012_Mg_job_101_Mg_fe_-1.339_n4_generated_crystals_cif__gen_1/stages/01_pbe_relax/POSCAR,new12_dft_final/candidate_outputs/candidate_012_Mg_job_101_Mg_fe_-1.339_n4_generated_crystals_cif__gen_1/stages/01_pbe_relax/CONTCAR,new12_dft_final/candidate_outputs/candidate_012_Mg_job_101_Mg_fe_-1.339_n4_generated_crystals_cif__gen_1/stages/02_pbe_static/OUTCAR,periodic minimum-image distances; Fmax and energy from final static output
job_120_Cr_fe_-1.424_n4_generated_crystals_cif__gen_1,LiCr2O4,new,lower-energy configuration among the two tested initializations,tight_state_fm_01_tight_relax,tight_state_fm_02_static,69.83123205275149,70.04491031547376,0.3059923997343382,1.8001867783606271,1.8001867783606271,0.05181176520829994,final static OUTCAR on relaxed geometry,True,converged,-49.10916607,5.0,Cm (8),P1 (1),new12_dft_final/candidate_outputs/candidate_001_Cr_job_120_Cr_fe_-1.424_n4_generated_crystals_cif__gen_1/tight_magnetic_states/state_fm/01_tight_relax/POSCAR,new12_dft_final/candidate_outputs/candidate_001_Cr_job_120_Cr_fe_-1.424_n4_generated_crystals_cif__gen_1/tight_magnetic_states/state_fm/01_tight_relax/CONTCAR,new12_dft_final/candidate_outputs/candidate_001_Cr_job_120_Cr_fe_-1.424_n4_generated_crystals_cif__gen_1/tight_magnetic_states/state_fm/02_static/OUTCAR,periodic minimum-image distances; Fmax and energy from final static output
job_136_Cr_fe_-1.181_n4_generated_crystals_cif__gen_0,LiCr2O4,new,GGA+U configuration,03_gga_u_relax,04_gga_u_static,71.98861789317888,73.8907913661365,2.642325312843449,1.9409609354556892,1.9409609354556892,0.07222927870330702,final static OUTCAR on relaxed geometry,True,converged,-49.40710803,5.0,P2/m (10),P2/m (10),new12_dft_final/candidate_outputs/candidate_003_Cr_job_136_Cr_fe_-1.181_n4_generated_crystals_cif__gen_0/stages/03_gga_u_relax/POSCAR,new12_dft_final/candidate_outputs/candidate_003_Cr_job_136_Cr_fe_-1.181_n4_generated_crystals_cif__gen_0/stages/03_gga_u_relax/CONTCAR,new12_dft_final/candidate_outputs/candidate_003_Cr_job_136_Cr_fe_-1.181_n4_generated_crystals_cif__gen_0/stages/04_gga_u_static/OUTCAR,periodic minimum-image distances; Fmax and energy from final static output
job_148_Mn_fe_-0.904_n4_generated_crystals_cif__gen_2,LiMn2O4,new,retained failed-candidate PBE configuration,01_pbe_relax,02_pbe_static,78.23012655016957,77.192332453843,-1.3265913556474096,1.890188839267203,1.890188839267203,0.4570215286887479,final static OUTCAR on relaxed geometry,False,converged,-51.41138483,4.8681,Cm (8),Cm (8),new12_dft_final/candidate_outputs/candidate_007_Mn_job_148_Mn_fe_-0.904_n4_generated_crystals_cif__gen_2/stages/01_pbe_relax/POSCAR,new12_dft_final/candidate_outputs/candidate_007_Mn_job_148_Mn_fe_-0.904_n4_generated_crystals_cif__gen_2/stages/01_pbe_relax/CONTCAR,new12_dft_final/candidate_outputs/candidate_007_Mn_job_148_Mn_fe_-0.904_n4_generated_crystals_cif__gen_2/stages/02_pbe_static/OUTCAR,periodic minimum-image distances; Fmax and energy from final static output
job_167_Mn_fe_-0.885_n4_generated_crystals_cif__gen_3,LiMn2O4,new,retained failed-candidate PBE configuration,01_pbe_relax,02_pbe_static,75.29957792777675,73.53237339667443,-2.346898322321712,1.9015660455196362,1.9015660455196362,1.1929786643159215,final static OUTCAR on relaxed geometry,False,converged,-50.82793519,1.2527,P-1 (2),P-1 (2),new12_dft_final/candidate_outputs/candidate_008_Mn_job_167_Mn_fe_-0.885_n4_generated_crystals_cif__gen_3/stages/01_pbe_relax/POSCAR,new12_dft_final/candidate_outputs/candidate_008_Mn_job_167_Mn_fe_-0.885_n4_generated_crystals_cif__gen_3/stages/01_pbe_relax/CONTCAR,new12_dft_final/candidate_outputs/candidate_008_Mn_job_167_Mn_fe_-0.885_n4_generated_crystals_cif__gen_3/stages/02_pbe_static/OUTCAR,periodic minimum-image distances; Fmax and energy from final static output
job_204_Cr_fe_-0.932_n4_generated_crystals_cif__gen_3,LiCr2O4,new,GGA+U configuration,03_gga_u_relax,04_gga_u_static,68.17597399052865,70.56916048047627,3.510307737268407,1.9799813489364735,1.9799813489364735,0.06664132748527749,final static OUTCAR on relaxed geometry,True,converged,-49.30018218,5.0,I-4m2 (119),I-4m2 (119),new12_dft_final/candidate_outputs/candidate_004_Cr_job_204_Cr_fe_-0.932_n4_generated_crystals_cif__gen_3/stages/03_gga_u_relax/POSCAR,new12_dft_final/candidate_outputs/candidate_004_Cr_job_204_Cr_fe_-0.932_n4_generated_crystals_cif__gen_3/stages/03_gga_u_relax/CONTCAR,new12_dft_final/candidate_outputs/candidate_004_Cr_job_204_Cr_fe_-0.932_n4_generated_crystals_cif__gen_3/stages/04_gga_u_static/OUTCAR,periodic minimum-image distances; Fmax and energy from final static output
job_214_Cr_fe_-0.857_n4_generated_crystals_cif__gen_0,LiCr2O4,new,lower-energy configuration among the two tested initializations,tight_state_fm_01_tight_relax,tight_state_fm_02_static,69.34457817114018,69.4570006408493,0.16212149914829893,1.8287463260789154,1.8287463260789154,0.06694417962750757,final static OUTCAR on relaxed geometry,True,converged,-49.05895525,5.0,P1 (1),P1 (1),new12_dft_final/candidate_outputs/candidate_002_Cr_job_214_Cr_fe_-0.857_n4_generated_crystals_cif__gen_0/tight_magnetic_states/state_fm/01_tight_relax/POSCAR,new12_dft_final/candidate_outputs/candidate_002_Cr_job_214_Cr_fe_-0.857_n4_generated_crystals_cif__gen_0/tight_magnetic_states/state_fm/01_tight_relax/CONTCAR,new12_dft_final/candidate_outputs/candidate_002_Cr_job_214_Cr_fe_-0.857_n4_generated_crystals_cif__gen_0/tight_magnetic_states/state_fm/02_static/OUTCAR,periodic minimum-image distances; Fmax and energy from final static output
job_029_Cr_fe_-1.337_n4_generated_crystals_cif__gen_2,LiCr2O4,pilot,pilot primary PBE configuration,pilot_pbe_relax,pilot_pbe_static,71.30359799242076,72.07308874267564,1.0791752056280073,1.9009876399363872,1.9009876399363872,0.03831669258952291,final static OUTCAR on relaxed geometry,True,unverifiable_original_artifact_missing,-54.54583439,5.0002,P-1 (2),P-1 (2),materials_maintext_candidates/candidate_008/POSCAR,materials_maintext_candidates/candidate_008/CONTCAR,materials_maintext_candidates/candidate_008/OUTCAR,periodic minimum-image distances; Fmax and energy from final static output
job_058_Cr_fe_-1.423_n4_generated_crystals_cif__gen_0,LiCr2O4,pilot,pilot primary PBE configuration,pilot_pbe_relax,pilot_pbe_static,79.25534149309563,77.23317211985741,-2.551461308654352,1.669638633574651,1.669638633574651,0.035994601498002446,final static OUTCAR on relaxed geometry,True,unverifiable_original_artifact_missing,-52.93789361,4.7559,R-3m (166),R-3m (166),materials_maintext_candidates/candidate_002/POSCAR,materials_maintext_candidates/candidate_002/CONTCAR,materials_maintext_candidates/candidate_002/OUTCAR,periodic minimum-image distances; Fmax and energy from final static output
job_073_Cr_fe_-1.375_n4_generated_crystals_cif__gen_0,LiCr2O4,pilot,pilot primary PBE configuration,pilot_pbe_relax,pilot_pbe_static,76.19196975716395,74.85818378679102,-1.7505597697814081,1.8995412192205874,1.8995412192205874,0.033305703925904345,final static OUTCAR on relaxed geometry,True,unverifiable_original_artifact_missing,-54.38748048,4.9998,P-6m2 (187),P-6m2 (187),materials_maintext_candidates/candidate_005/POSCAR,materials_maintext_candidates/candidate_005/CONTCAR,materials_maintext_candidates/candidate_005/OUTCAR,periodic minimum-image distances; Fmax and energy from final static output
job_092_Cr_fe_-1.075_n4_generated_crystals_cif__gen_1,LiCr2O4,pilot,pilot primary PBE configuration,pilot_pbe_relax,pilot_pbe_static,64.56278621932087,62.44747018237741,-3.2763704307272263,1.8394987580288353,1.8506967249235493,0.032931598108807296,final static OUTCAR on relaxed geometry,True,unverifiable_original_artifact_missing,-52.97394797,4.5119,I4/mmm (139),I4/mmm (139),materials_maintext_candidates/candidate_004/POSCAR,materials_maintext_candidates/candidate_004/CONTCAR,materials_maintext_candidates/candidate_004/OUTCAR,periodic minimum-image distances; Fmax and energy from final static output
job_148_Mn_fe_-0.904_n4_generated_crystals_cif__gen_1,LiMn2O4,pilot,pilot primary PBE configuration,pilot_pbe_relax,pilot_pbe_static,78.69956803342676,69.26299139926968,-11.990633328697557,1.9206229532383023,1.9206229532383023,0.035394969614339265,final static OUTCAR on relaxed geometry,True,unverifiable_original_artifact_missing,-52.37535043,5.0,Cm (8),C2/m (12),materials_maintext_candidates/candidate_003/POSCAR,materials_maintext_candidates/candidate_003/CONTCAR,materials_maintext_candidates/candidate_003/OUTCAR,periodic minimum-image distances; Fmax and energy from final static output
job_182_Cr_fe_-1.464_n4_generated_crystals_cif__gen_2,LiCr2O4,pilot,pilot primary PBE configuration,pilot_pbe_relax,pilot_pbe_static,76.51479255070406,74.69095283825288,-2.383643282104661,1.855914521763428,1.9025013383539457,0.33180778549485546,final static OUTCAR on relaxed geometry,False,unverifiable_original_artifact_missing,-52.83596464,-0.5592,P3m1 (156),P3m1 (156),materials_maintext_candidates/candidate_007/POSCAR,materials_maintext_candidates/candidate_007/CONTCAR,materials_maintext_candidates/candidate_007/OUTCAR,periodic minimum-image distances; Fmax and energy from final static output
job_201_Cr_fe_-1.216_n4_generated_crystals_cif__gen_2,LiCr2O4,pilot,pilot primary PBE configuration,pilot_pbe_relax,pilot_pbe_static,75.3082919205847,74.45908613588729,-1.127639152396288,1.9760518227277775,1.9760518227277775,0.023585528211172206,final static OUTCAR on relaxed geometry,True,unverifiable_original_artifact_missing,-53.24876613,4.998,Immm (71),Immm (71),materials_maintext_candidates/candidate_001/POSCAR,materials_maintext_candidates/candidate_001/CONTCAR,materials_maintext_candidates/candidate_001/OUTCAR,periodic minimum-image distances; Fmax and energy from final static output
job_249_Cr_fe_-1.500_n4_generated_crystals_cif__gen_1,LiCr2O4,pilot,pilot primary PBE configuration,pilot_pbe_relax,pilot_pbe_static,75.15504237737257,72.7566661060107,-3.191238000131797,1.8986957721018256,1.8986957721018256,0.027929024723394834,final static OUTCAR on relaxed geometry,True,unverifiable_original_artifact_missing,-54.42593193,4.9973,P3m1 (156),P3m1 (156),materials_maintext_candidates/candidate_006/POSCAR,materials_maintext_candidates/candidate_006/CONTCAR,materials_maintext_candidates/candidate_006/OUTCAR,periodic minimum-image distances; Fmax and energy from final static output
