id,iteration,target_feature,pseudo_feature,actual_feature,distance,selection_method,is_valid,target_label,group_key
job_066_Mn_fe_-1.023_n4_generated_crystals_cif__gen_3,1,-2.1,-2.1528913974761963,-2.0285513401031494,0.0528913974761962,explore,1,1,LiMn2O4
job_094_Cr_fe_-0.989_n4_generated_crystals_cif__gen_0,1,-2.1,-2.122194766998291,-2.136093616485596,0.0221947669982909,explore,1,1,LiCr2O4
job_133_Mn_fe_-1.385_n4_generated_crystals_cif__gen_0,1,-2.1,-2.2099742889404297,-1.996690034866333,0.1099742889404296,explore,0,0,LiMn2O4
job_207_Cr_fe_-0.848_n4_generated_crystals_cif__gen_2,1,-2.1,-2.103623390197754,-2.1844170093536377,0.0036233901977538,explore,0,0,LiCr2O4
job_006_Mn_fe_-1.347_n4_generated_crystals_cif__gen_3,1,-2.1,-2.2204790115356445,-2.018496513366699,0.1204790115356444,explore,0,0,LiMn2O4
job_058_Cr_fe_-1.423_n4_generated_crystals_cif__gen_0,1,-2.1,-2.0060532093048096,-2.036665916442871,0.0939467906951905,explore,1,1,LiCr2O4
job_214_Cr_fe_-0.857_n4_generated_crystals_cif__gen_1,1,-2.1,-2.064654588699341,-2.21838641166687,0.0353454113006592,explore,0,0,LiCr2O4
job_134_Mn_fe_-0.810_n4_generated_crystals_cif__gen_1,1,-2.1,-2.180860996246338,-2.0261118412017822,0.0808609962463378,explore,1,1,LiMn2O4
job_083_Cr_fe_-0.935_n4_generated_crystals_cif__gen_1,1,-2.1,-2.1654093265533447,-2.173450231552124,0.0654093265533446,explore,1,1,LiCr2O4
job_094_Cr_fe_-0.989_n4_generated_crystals_cif__gen_2,1,-2.1,-2.138945817947388,-2.166190385818481,0.038945817947388,explore,1,1,LiCr2O4
job_146_Cr_fe_-1.128_n4_generated_crystals_cif__gen_0,1,-2.1,-2.0833547115325928,-2.2501983642578125,0.0166452884674073,explore,0,0,LiCr2O4
job_127_Mn_fe_-1.465_n4_generated_crystals_cif__gen_0,1,-2.1,-2.1591858863830566,-1.9902619123458865,0.0591858863830565,explore,0,0,LiMn2O4
job_208_Cr_fe_-1.031_n4_generated_crystals_cif__gen_0,1,-2.1,-2.111083030700684,-2.205277681350708,0.0110830307006839,explore,0,0,LiCr2O4
job_030_Mn_fe_-1.234_n4_generated_crystals_cif__gen_0,1,-2.1,-2.156365156173706,-2.032205581665039,0.0563651561737059,explore,1,1,LiMn2O4
job_204_Cr_fe_-0.932_n4_generated_crystals_cif__gen_3,1,-2.1,-2.148287534713745,-2.176752805709839,0.048287534713745,explore,1,1,LiCr2O4
job_065_Mn_fe_-1.024_n4_generated_crystals_cif__gen_0,1,-2.1,-2.193593740463257,-2.004470109939575,0.0935937404632567,explore,0,0,LiMn2O4
job_120_Cr_fe_-1.424_n4_generated_crystals_cif__gen_2,2,-2.1,-2.2349295616149902,-2.225569486618042,0.1349295616149901,explore,0,0,LiCr2O4
job_196_Cr_fe_-0.819_n4_generated_crystals_cif__gen_1,2,-2.1,-2.094430685043335,-2.1088345050811768,0.0055693149566651,explore,1,1,LiCr2O4
job_224_Mn_fe_-1.419_n4_generated_crystals_cif__gen_0,2,-2.1,-2.237878799438477,-2.018557071685791,0.1378787994384769,explore,0,0,LiMn2O4
job_171_Cr_fe_-1.042_n4_generated_crystals_cif__gen_2,2,-2.1,-2.2070603370666504,-2.175285577774048,0.1070603370666503,explore,1,1,LiCr2O4
job_249_Cr_fe_-1.500_n4_generated_crystals_cif__gen_2,2,-2.1,-2.1405029296875,-2.159709215164185,0.0405029296874999,explore,1,1,LiCr2O4
job_182_Cr_fe_-1.464_n4_generated_crystals_cif__gen_0,2,-2.1,-2.2193193435668945,-2.2057487964630127,0.1193193435668944,explore,0,0,LiCr2O4
job_030_Mn_fe_-1.234_n4_generated_crystals_cif__gen_1,2,-2.1,-2.263911962509156,-1.9320378303527832,0.1639119625091556,explore,0,0,LiMn2O4
job_147_Mn_fe_-0.827_n4_generated_crystals_cif__gen_0,2,-2.1,-2.0123322010040283,-1.5450682640075684,0.0876677989959717,explore,0,0,LiMn2O4
job_092_Cr_fe_-1.075_n4_generated_crystals_cif__gen_2,2,-2.1,-2.186907291412353,-2.129879713058472,0.0869072914123529,explore,1,1,LiCr2O4
job_216_Cr_fe_-0.890_n4_generated_crystals_cif__gen_0,2,-2.1,-2.193321466445923,-2.2009010314941406,0.0933214664459227,explore,0,0,LiCr2O4
job_220_Cr_fe_-1.305_n4_generated_crystals_cif__gen_2,2,-2.1,-2.150635004043579,-2.1609792709350586,0.050635004043579,explore,1,1,LiCr2O4
job_142_Mn_fe_-1.095_n4_generated_crystals_cif__gen_1,2,-2.1,-2.225242376327514,-1.993648648262024,0.1252423763275141,explore,0,0,LiMn2O4
job_130_Cr_fe_-1.335_n4_generated_crystals_cif__gen_3,2,-2.1,-2.211547374725342,-2.2419798374176025,0.1115473747253417,explore,0,0,LiCr2O4
job_086_Mn_fe_-0.988_n4_generated_crystals_cif__gen_2,2,-2.1,-2.2465567588806152,-2.0216588973999023,0.1465567588806151,explore,1,1,LiMn2O4
job_172_Mn_fe_-1.032_n4_generated_crystals_cif__gen_3,2,-2.1,-2.174639940261841,-1.903335690498352,0.0746399402618407,explore,0,0,LiMn2O4
job_042_Cr_fe_-0.962_n4_generated_crystals_cif__gen_2,2,-2.1,-2.2702083587646484,-2.1674489974975586,0.1702083587646483,explore,1,1,LiCr2O4
job_197_Mn_fe_-0.871_n4_generated_crystals_cif__gen_1,3,-2.1,-2.003298282623291,-1.8706523180007928,0.096701717376709,explore,0,0,LiMn2O4
job_196_Cr_fe_-0.819_n4_generated_crystals_cif__gen_2,3,-2.1,-2.20332407951355,-2.1501615047454834,0.1033240795135497,explore,1,1,LiCr2O4
job_176_Mn_fe_-0.980_n4_generated_crystals_cif__gen_2,3,-2.1,-2.095989227294922,-2.003683567047119,0.0040107727050782,explore,0,0,LiMn2O4
job_205_Al_fe_-1.483_n4_generated_crystals_cif__gen_2,3,-2.1,-2.142557144165039,-3.061967134475708,0.0425571441650389,explore,0,0,LiAl2O4
job_136_Cr_fe_-1.181_n4_generated_crystals_cif__gen_1,3,-2.1,-2.228110313415528,-2.2130284309387207,0.1281103134155277,explore,0,0,LiCr2O4
job_054_Al_fe_-0.872_n4_generated_crystals_cif__gen_2,3,-2.1,-2.0869436264038086,-3.1348016262054443,0.0130563735961914,explore,0,0,LiAl2O4
job_149_Mn_fe_-1.083_n4_generated_crystals_cif__gen_2,3,-2.1,-2.076013803482056,-1.9118714332580569,0.0239861965179439,explore,0,0,LiMn2O4
job_090_Al_fe_-0.837_n4_generated_crystals_cif__gen_2,3,-2.1,-2.034653663635254,-3.1492702960968018,0.0653463363647461,explore,0,0,LiAl2O4
job_216_Cr_fe_-0.890_n4_generated_crystals_cif__gen_2,3,-2.1,-2.17305850982666,-2.163748025894165,0.07305850982666,explore,1,1,LiCr2O4
job_020_Mn_fe_-0.989_n4_generated_crystals_cif__gen_3,3,-2.1,-2.1167702674865723,-1.9995641708374023,0.0167702674865721,explore,0,0,LiMn2O4
job_092_Cr_fe_-1.075_n4_generated_crystals_cif__gen_3,3,-2.1,-2.151163578033448,-2.1069674491882324,0.0511635780334476,explore,1,1,LiCr2O4
job_142_Mn_fe_-1.095_n4_generated_crystals_cif__gen_3,3,-2.1,-2.132378578186035,-1.9228596687316888,0.032378578186035,explore,0,0,LiMn2O4
job_079_Cr_fe_-0.854_n4_generated_crystals_cif__gen_1,3,-2.1,-2.220178842544556,-2.136512517929077,0.120178842544556,explore,1,1,LiCr2O4
job_232_Mn_fe_-1.004_n4_generated_crystals_cif__gen_2,3,-2.1,-2.055405855178833,-1.8914794921875,0.044594144821167,explore,0,0,LiMn2O4
job_061_Mn_fe_-1.231_n4_generated_crystals_cif__gen_2,3,-2.1,-2.064291000366211,-2.0183801651000977,0.0357089996337891,explore,0,0,LiMn2O4
job_167_Mn_fe_-0.885_n4_generated_crystals_cif__gen_1,3,-2.1,-2.1251540184021,-2.0094380378723145,0.0251540184020999,explore,0,0,LiMn2O4
job_201_Cr_fe_-1.216_n4_generated_crystals_cif__gen_1,4,-2.1,-2.005063533782959,-2.21074652671814,0.0949364662170411,explore,0,0,LiCr2O4
job_162_Mn_fe_-1.493_n4_generated_crystals_cif__gen_3,4,-2.1,-1.6645331382751465,-1.8956153392791748,0.4354668617248536,explore,0,0,LiMn2O4
job_069_Mn_fe_-1.295_n4_generated_crystals_cif__gen_0,4,-2.1,-1.683363437652588,-1.9121254682540887,0.4166365623474122,explore,0,0,LiMn2O4
job_094_Cr_fe_-0.989_n4_generated_crystals_cif__gen_1,4,-2.1,-2.135446786880493,-2.1884896755218506,0.035446786880493,explore,0,0,LiCr2O4
job_106_Mn_fe_-1.140_n4_generated_crystals_cif__gen_3,4,-2.1,-1.6482584476470947,-1.951714038848877,0.4517415523529053,explore,0,0,LiMn2O4
job_043_Mn_fe_-1.340_n4_generated_crystals_cif__gen_1,4,-2.1,-1.6433203220367432,-2.03938102722168,0.4566796779632569,explore,1,1,LiMn2O4
job_088_Cr_fe_-1.127_n4_generated_crystals_cif__gen_2,4,-2.1,-2.062317371368408,-2.213667154312134,0.0376826286315918,explore,0,0,LiCr2O4
job_006_Mn_fe_-1.347_n4_generated_crystals_cif__gen_1,4,-2.1,-1.5912117958068848,-2.0493369102478027,0.5087882041931153,explore,1,1,LiMn2O4
job_087_Cr_fe_-1.452_n4_generated_crystals_cif__gen_0,4,-2.1,-2.0026626586914062,-2.190068006515503,0.0973373413085938,explore,0,0,LiCr2O4
job_113_Mn_fe_-1.432_n4_generated_crystals_cif__gen_1,4,-2.1,-1.605176568031311,-1.9251861572265625,0.494823431968689,explore,0,0,LiMn2O4
job_006_Mn_fe_-1.347_n4_generated_crystals_cif__gen_2,4,-2.1,-1.6189675331115725,-2.009329319000244,0.4810324668884276,explore,0,0,LiMn2O4
job_196_Cr_fe_-0.819_n4_generated_crystals_cif__gen_3,4,-2.1,-2.043203830718994,-2.151050090789795,0.0567961692810059,explore,1,1,LiCr2O4
job_120_Cr_fe_-1.424_n4_generated_crystals_cif__gen_1,4,-2.1,-2.1018636226654053,-2.17874813079834,0.0018636226654051,explore,1,1,LiCr2O4
job_204_Cr_fe_-0.932_n4_generated_crystals_cif__gen_0,4,-2.1,-2.07464337348938,-2.20471739768982,0.0253566265106202,explore,0,0,LiCr2O4
job_232_Mn_fe_-1.004_n4_generated_crystals_cif__gen_1,4,-2.1,-1.7115613222122192,-2.0107791423797607,0.3884386777877808,explore,0,0,LiMn2O4
job_134_Mn_fe_-0.810_n4_generated_crystals_cif__gen_0,4,-2.1,-1.7222899198532104,-2.003242492675781,0.3777100801467896,explore,0,0,LiMn2O4
job_042_Cr_fe_-0.962_n4_generated_crystals_cif__gen_1,5,-2.1,-2.277655601501465,-2.156160831451416,0.1776556015014647,explore,1,1,LiCr2O4
job_234_Cr_fe_-1.123_n4_generated_crystals_cif__gen_3,5,-2.1,-2.141112804412842,-2.139469623565674,0.0411128044128417,explore,1,1,LiCr2O4
job_134_Mn_fe_-0.810_n4_generated_crystals_cif__gen_2,5,-2.1,-1.8952901363372805,-2.003902673721313,0.2047098636627196,explore,0,0,LiMn2O4
job_079_Cr_fe_-0.854_n4_generated_crystals_cif__gen_2,5,-2.1,-2.203627586364746,-2.203239917755127,0.103627586364746,explore,0,0,LiCr2O4
job_069_Mn_fe_-1.295_n4_generated_crystals_cif__gen_2,5,-2.1,-1.9397892951965328,-1.9959614276885984,0.1602107048034673,explore,0,0,LiMn2O4
job_003_Mn_fe_-1.026_n4_generated_crystals_cif__gen_0,5,-2.1,-1.7755736112594604,-1.919202446937561,0.3244263887405396,explore,0,0,LiMn2O4
job_066_Mn_fe_-1.023_n4_generated_crystals_cif__gen_1,5,-2.1,-1.840414047241211,-1.9014478921890257,0.2595859527587891,explore,0,0,LiMn2O4
job_195_Mn_fe_-1.284_n4_generated_crystals_cif__gen_1,5,-2.1,-1.8803684711456297,-2.023439645767212,0.2196315288543704,explore,1,1,LiMn2O4
job_068_Cr_fe_-1.051_n4_generated_crystals_cif__gen_0,5,-2.1,-2.153427124023437,-2.138373851776123,0.0534271240234369,explore,1,1,LiCr2O4
job_208_Cr_fe_-1.031_n4_generated_crystals_cif__gen_2,5,-2.1,-2.1815531253814697,-2.208385467529297,0.0815531253814696,explore,0,0,LiCr2O4
job_013_Cr_fe_-1.388_n4_generated_crystals_cif__gen_2,5,-2.1,-2.250645875930786,-2.179424524307251,0.150645875930786,explore,1,1,LiCr2O4
job_092_Cr_fe_-1.075_n4_generated_crystals_cif__gen_1,5,-2.1,-2.0801000595092773,-2.1052308082580566,0.0198999404907227,explore,1,1,LiCr2O4
job_148_Mn_fe_-0.904_n4_generated_crystals_cif__gen_0,5,-2.1,-1.870537519454956,-1.8770301342010496,0.229462480545044,explore,0,0,LiMn2O4
job_073_Cr_fe_-1.375_n4_generated_crystals_cif__gen_2,5,-2.1,-2.2294697761535645,-2.2411439418792725,0.1294697761535643,explore,0,0,LiCr2O4
job_013_Cr_fe_-1.388_n4_generated_crystals_cif__gen_1,5,-2.1,-2.216823101043701,-2.229992151260376,0.116823101043701,explore,0,0,LiCr2O4
job_129_Mn_fe_-0.852_n4_generated_crystals_cif__gen_3,5,-2.1,-1.8180670738220213,-1.9803466796875,0.2819329261779788,explore,0,0,LiMn2O4
job_233_Mn_fe_-1.136_n4_generated_crystals_cif__gen_0,6,-2.1,-1.913081645965576,-1.902867078781128,0.1869183540344241,explore,0,0,LiMn2O4
job_200_Cr_fe_-1.108_n4_generated_crystals_cif__gen_0,6,-2.1,-2.133991003036499,-2.14246129989624,0.0339910030364989,explore,1,1,LiCr2O4
job_131_Al_fe_-1.160_n4_generated_crystals_cif__gen_2,6,-2.1,-2.800020217895508,-2.906257390975952,0.7000202178955077,explore,0,0,LiAl2O4
job_112_Cr_fe_-1.215_n4_generated_crystals_cif__gen_2,6,-2.1,-2.2107300758361816,-2.2128608226776123,0.1107300758361815,explore,0,0,LiCr2O4
job_245_Al_fe_-1.035_n4_generated_crystals_cif__gen_3,6,-2.1,-2.6929404735565186,-2.941917896270752,0.5929404735565185,explore,0,0,LiAl2O4
job_224_Mn_fe_-1.419_n4_generated_crystals_cif__gen_3,6,-2.1,-1.945164680480957,-2.015972852706909,0.154835319519043,explore,0,0,LiMn2O4
job_105_Mn_fe_-0.898_n4_generated_crystals_cif__gen_2,6,-2.1,-1.9571038484573364,-2.011301040649414,0.1428961515426636,explore,0,0,LiMn2O4
job_073_Cr_fe_-1.375_n4_generated_crystals_cif__gen_1,6,-2.1,-2.1698760986328125,-2.199387788772583,0.0698760986328124,explore,0,0,LiCr2O4
job_149_Mn_fe_-1.083_n4_generated_crystals_cif__gen_3,6,-2.1,-1.9956068992614744,-1.986094355583191,0.1043931007385257,explore,0,0,LiMn2O4
job_125_Mn_fe_-1.190_n4_generated_crystals_cif__gen_2,6,-2.1,-1.624399185180664,-1.8433979749679563,0.475600814819336,explore,0,0,LiMn2O4
job_057_Mn_fe_-0.971_n4_generated_crystals_cif__gen_0,6,-2.1,-1.929654598236084,-1.996131181716919,0.1703454017639161,explore,0,0,LiMn2O4
job_190_Mn_fe_-0.838_n4_generated_crystals_cif__gen_2,6,-2.1,-1.8506224155426023,-1.9161067008972168,0.2493775844573977,explore,0,0,LiMn2O4
job_074_Mn_fe_-0.891_n4_generated_crystals_cif__gen_2,6,-2.1,-1.7433799505233765,-1.9489537477493288,0.3566200494766236,explore,0,0,LiMn2O4
job_058_Cr_fe_-1.423_n4_generated_crystals_cif__gen_3,6,-2.1,-2.110351085662842,-2.1625735759735107,0.0103510856628417,explore,1,1,LiCr2O4
job_068_Cr_fe_-1.051_n4_generated_crystals_cif__gen_1,6,-2.1,-2.195833444595337,-2.1796183586120605,0.0958334445953368,explore,1,1,LiCr2O4
job_016_Cr_fe_-1.264_n4_generated_crystals_cif__gen_3,6,-2.1,-2.246086597442627,-2.187363386154175,0.1460865974426268,explore,0,0,LiCr2O4
job_203_Ni_fe_-0.895_n4_generated_crystals_cif__gen_1,7,-2.1,-1.349015712738037,-0.9687165021896362,0.750984287261963,explore,0,0,Li(NiO2)2
job_220_Cr_fe_-1.305_n4_generated_crystals_cif__gen_0,7,-2.1,-2.1788156032562256,-2.215806245803833,0.0788156032562255,explore,0,0,LiCr2O4
job_195_Mn_fe_-1.284_n4_generated_crystals_cif__gen_0,7,-2.1,-1.802292466163636,-1.953479528427124,0.2977075338363644,explore,0,0,LiMn2O4
job_154_Mn_fe_-1.207_n4_generated_crystals_cif__gen_2,7,-2.1,-1.9554269313812256,-2.0031816959381104,0.1445730686187745,explore,0,0,LiMn2O4
job_049_Al_fe_-1.223_n4_generated_crystals_cif__gen_2,7,-2.1,-2.863446950912476,-2.908756971359253,0.7634469509124759,explore,0,0,LiAl2O4
job_126_Cr_fe_-0.901_n4_generated_crystals_cif__gen_3,7,-2.1,-2.136399745941162,-2.1577799320220947,0.036399745941162,explore,1,1,LiCr2O4
job_125_Mn_fe_-1.190_n4_generated_crystals_cif__gen_1,7,-2.1,-1.9344242811203003,-2.018841505050659,0.1655757188796998,explore,0,0,LiMn2O4
job_012_Cr_fe_-1.495_n4_generated_crystals_cif__gen_0,7,-2.1,-2.19602370262146,-2.18317985534668,0.0960237026214598,explore,0,0,LiCr2O4
job_042_Cr_fe_-0.962_n4_generated_crystals_cif__gen_3,7,-2.1,-2.1720194816589355,-2.182271242141724,0.0720194816589354,explore,0,0,LiCr2O4
job_233_Mn_fe_-1.136_n4_generated_crystals_cif__gen_1,7,-2.1,-1.8901984691619875,-1.907696962356568,0.2098015308380125,explore,0,0,LiMn2O4
job_164_Mn_fe_-1.449_n4_generated_crystals_cif__gen_2,7,-2.1,-1.8305821418762207,-1.9216485023498533,0.2694178581237794,explore,0,0,LiMn2O4
job_017_Mn_fe_-1.234_n4_generated_crystals_cif__gen_1,7,-2.1,-1.991562962532044,-1.9876065254211424,0.1084370374679564,explore,0,0,LiMn2O4
job_099_Ni_fe_-1.343_n4_generated_crystals_cif__gen_3,7,-2.1,-1.3156172037124634,-1.0807764530181885,0.7843827962875367,explore,0,0,Li(NiO2)2
job_061_Mn_fe_-1.231_n4_generated_crystals_cif__gen_3,7,-2.1,-1.915944576263428,-1.899943828582764,0.1840554237365721,explore,0,0,LiMn2O4
job_086_Mn_fe_-0.988_n4_generated_crystals_cif__gen_3,7,-2.1,-1.8543583154678345,-1.9542670249938965,0.2456416845321656,explore,0,0,LiMn2O4
job_102_Ni_fe_-1.495_n4_generated_crystals_cif__gen_0,7,-2.1,-1.4107511043548584,-0.98110032081604,0.6892488956451417,explore,0,0,Li(NiO2)2
job_106_Mn_fe_-1.140_n4_generated_crystals_cif__gen_2,8,-2.1,-2.0986557006835938,-1.980934858322144,0.0013442993164063,explore,0,0,LiMn2O4
job_243_Al_fe_-1.012_n4_generated_crystals_cif__gen_1,8,-2.1,-2.990980386734009,-2.765770673751831,0.8909803867340087,explore,0,0,LiAl2O4
job_114_Al_fe_-1.252_n4_generated_crystals_cif__gen_0,8,-2.1,-3.0287556648254395,-2.883883237838745,0.9287556648254394,explore,0,0,LiAl2O4
job_171_Cr_fe_-1.042_n4_generated_crystals_cif__gen_3,8,-2.1,-2.2418694496154785,-2.135138750076294,0.1418694496154784,explore,1,1,LiCr2O4
job_057_Mn_fe_-0.971_n4_generated_crystals_cif__gen_1,8,-2.1,-2.0201869010925293,-2.0010862350463867,0.0798130989074707,explore,0,0,LiMn2O4
job_171_Cr_fe_-1.042_n4_generated_crystals_cif__gen_0,8,-2.1,-2.3575856685638428,-2.1936843395233154,0.2575856685638427,explore,0,0,LiCr2O4
job_005_Al_fe_-1.478_n4_generated_crystals_cif__gen_0,8,-2.1,-3.1773605346679688,-2.930741548538208,1.0773605346679689,explore,0,0,LiAl2O4
job_113_Mn_fe_-1.432_n4_generated_crystals_cif__gen_0,8,-2.1,-1.959090232849121,-1.925455570220948,0.140909767150879,explore,0,0,LiMn2O4
job_200_Cr_fe_-1.108_n4_generated_crystals_cif__gen_3,8,-2.1,-2.2912676334381104,-2.197359800338745,0.1912676334381102,explore,0,0,LiCr2O4
job_137_Al_fe_-1.012_n4_generated_crystals_cif__gen_3,8,-2.1,-3.103576421737671,-3.076055765151977,1.0035764217376708,explore,0,0,LiAl2O4
job_208_Cr_fe_-1.031_n4_generated_crystals_cif__gen_3,8,-2.1,-2.2530479431152344,-2.177259683609009,0.1530479431152343,explore,1,1,LiCr2O4
job_125_Mn_fe_-1.190_n4_generated_crystals_cif__gen_3,8,-2.1,-2.0586254596710205,-2.035506010055542,0.0413745403289795,explore,1,1,LiMn2O4
job_058_Cr_fe_-1.423_n4_generated_crystals_cif__gen_1,8,-2.1,-2.2828078269958496,-2.209511995315552,0.1828078269958495,explore,0,0,LiCr2O4
job_169_Al_fe_-0.916_n4_generated_crystals_cif__gen_1,8,-2.1,-3.051447868347168,-2.8976054191589355,0.951447868347168,explore,0,0,LiAl2O4
job_044_Mn_fe_-0.936_n4_generated_crystals_cif__gen_3,8,-2.1,-2.0687716007232666,-2.002866506576538,0.0312283992767334,explore,0,0,LiMn2O4
job_019_Mg_fe_-1.315_n4_generated_crystals_cif__gen_0,8,-2.1,-2.927910089492798,-1.7464520931243896,0.8279100894927978,explore,0,0,LiMg2O4
job_212_Cr_fe_-1.473_n4_generated_crystals_cif__gen_2,9,-2.1,-2.2055554389953613,-2.204835891723633,0.1055554389953612,explore,0,0,LiCr2O4
job_043_Mn_fe_-1.340_n4_generated_crystals_cif__gen_3,9,-2.1,-2.0023891925811768,-2.0343403816223145,0.0976108074188233,explore,1,1,LiMn2O4
job_011_Mg_fe_-1.305_n4_generated_crystals_cif__gen_0,9,-2.1,-2.6407244205474854,-2.179306745529175,0.5407244205474853,explore,1,1,LiMg2O4
job_239_Mg_fe_-1.280_n4_generated_crystals_cif__gen_2,9,-2.1,-2.857784032821656,-1.9719445705413816,0.7577840328216556,explore,0,0,LiMg2O4
job_127_Mn_fe_-1.465_n4_generated_crystals_cif__gen_3,9,-2.1,-2.0512032508850098,-1.995632886886597,0.0487967491149903,explore,0,0,LiMn2O4
job_017_Mn_fe_-1.234_n4_generated_crystals_cif__gen_2,9,-2.1,-1.9007017612457275,-2.008680820465088,0.1992982387542725,explore,0,0,LiMn2O4
job_234_Cr_fe_-1.123_n4_generated_crystals_cif__gen_0,9,-2.1,-2.266160249710083,-2.1932477951049805,0.1661602497100829,explore,0,0,LiCr2O4
job_085_Mg_fe_-0.837_n4_generated_crystals_cif__gen_2,9,-2.1,-2.427640199661255,-1.991632938385009,0.3276401996612548,explore,0,0,LiMg2O4
job_146_Cr_fe_-1.128_n4_generated_crystals_cif__gen_3,9,-2.1,-2.243330478668213,-2.2156307697296143,0.1433304786682128,explore,0,0,LiCr2O4
job_004_Mg_fe_-1.439_n4_generated_crystals_cif__gen_1,9,-2.1,-2.550038576126098,-2.100620985031128,0.4500385761260981,explore,1,1,LiMg2O4
job_086_Mn_fe_-0.988_n4_generated_crystals_cif__gen_0,9,-2.1,-1.937838554382324,-1.930472493171692,0.1621614456176761,explore,0,0,LiMn2O4
job_214_Cr_fe_-0.857_n4_generated_crystals_cif__gen_3,9,-2.1,-2.2896032333374023,-2.1943607330322266,0.1896032333374022,explore,0,0,LiCr2O4
job_007_Mg_fe_-1.079_n4_generated_crystals_cif__gen_0,9,-2.1,-2.691852807998657,-2.2938599586486816,0.5918528079986567,explore,0,0,LiMg2O4
job_080_Mn_fe_-1.081_n4_generated_crystals_cif__gen_3,9,-2.1,-1.9632279872894287,-1.919992208480835,0.1367720127105713,explore,0,0,LiMn2O4
job_065_Mn_fe_-1.024_n4_generated_crystals_cif__gen_1,9,-2.1,-2.082536697387696,-1.9718655347824097,0.0174633026123043,explore,0,0,LiMn2O4
job_067_Mg_fe_-0.974_n4_generated_crystals_cif__gen_1,9,-2.1,-2.5998783111572266,-2.1713287830352783,0.4998783111572265,explore,1,1,LiMg2O4
job_020_Mn_fe_-0.989_n4_generated_crystals_cif__gen_0,10,-2.1,-2.1340560913085938,-2.0219147205352783,0.0340560913085936,explore,1,1,LiMn2O4
job_038_Ni_fe_-1.176_n4_generated_crystals_cif__gen_1,10,-2.1,-1.287858963012695,-0.9855294227600098,0.812141036987305,explore,0,0,Li(NiO2)2
job_047_Mg_fe_-0.887_n4_generated_crystals_cif__gen_3,10,-2.1,-1.859486699104309,-2.191573143005371,0.240513300895691,explore,0,0,LiMg2O4
job_223_Mg_fe_-1.268_n4_generated_crystals_cif__gen_1,10,-2.1,-1.96077561378479,-2.228058099746704,0.13922438621521,explore,0,0,LiMg2O4
job_101_Mg_fe_-1.339_n4_generated_crystals_cif__gen_2,10,-2.1,-1.577220439910889,-1.986666798591613,0.5227795600891112,explore,0,0,LiMg2O4
job_216_Cr_fe_-0.890_n4_generated_crystals_cif__gen_3,10,-2.1,-2.385137796401977,-2.149548053741455,0.285137796401977,explore,1,1,LiCr2O4
job_113_Mn_fe_-1.432_n4_generated_crystals_cif__gen_2,10,-2.1,-2.0880472660064697,-1.9988868236541748,0.0119527339935303,explore,0,0,LiMn2O4
job_046_Ni_fe_-0.861_n4_generated_crystals_cif__gen_1,10,-2.1,-1.3006432056427002,-1.056857347488403,0.7993567943572999,explore,0,0,Li(NiO2)2
job_088_Cr_fe_-1.127_n4_generated_crystals_cif__gen_3,10,-2.1,-2.315906524658203,-2.148867130279541,0.215906524658203,explore,1,1,LiCr2O4
job_182_Cr_fe_-1.464_n4_generated_crystals_cif__gen_2,10,-2.1,-2.352968692779541,-2.143676280975342,0.2529686927795409,explore,1,1,LiCr2O4
job_181_Mg_fe_-1.158_n4_generated_crystals_cif__gen_3,10,-2.1,-1.5014526844024658,-1.8703339099884035,0.5985473155975343,explore,0,0,LiMg2O4
job_201_Cr_fe_-1.216_n4_generated_crystals_cif__gen_0,10,-2.1,-2.353113412857056,-2.192210912704468,0.253113412857056,explore,0,0,LiCr2O4
job_062_Mg_fe_-0.803_n4_generated_crystals_cif__gen_0,10,-2.1,-2.0505030155181885,-2.1998074054718018,0.0494969844818116,explore,0,0,LiMg2O4
job_016_Cr_fe_-1.264_n4_generated_crystals_cif__gen_1,10,-2.1,-2.370086193084717,-2.211752653121948,0.2700861930847167,explore,0,0,LiCr2O4
job_155_Mg_fe_-1.104_n4_generated_crystals_cif__gen_3,10,-2.1,-1.9023807048797607,-2.2088632583618164,0.1976192951202393,explore,0,0,LiMg2O4
job_021_Mg_fe_-1.413_n4_generated_crystals_cif__gen_0,10,-2.1,-1.8421143293380733,-2.307190656661988,0.2578856706619266,explore,0,0,LiMg2O4
job_146_Cr_fe_-1.128_n4_generated_crystals_cif__gen_1,11,-2.1,-2.242928028106689,-2.148542881011963,0.1429280281066889,explore,1,1,LiCr2O4
job_078_Ni_fe_-1.122_n4_generated_crystals_cif__gen_1,11,-2.1,-1.0919482707977295,-1.0738767385482788,1.0080517292022706,explore,0,0,Li(NiO2)2
job_224_Mn_fe_-1.419_n4_generated_crystals_cif__gen_2,11,-2.1,-2.0120997428894043,-1.9380772113800049,0.0879002571105957,explore,0,0,LiMn2O4
job_246_Al_fe_-1.026_n4_generated_crystals_cif__gen_0,11,-2.1,-2.994264602661133,-2.729271650314331,0.8942646026611327,explore,0,0,LiAl2O4
job_249_Cr_fe_-1.500_n4_generated_crystals_cif__gen_0,11,-2.1,-2.3073618412017822,-2.23165249824524,0.2073618412017821,explore,0,0,LiCr2O4
job_024_Mg_fe_-0.880_n4_generated_crystals_cif__gen_3,11,-2.1,-2.125014543533325,-2.004354953765869,0.0250145435333251,explore,0,0,LiMg2O4
job_030_Mn_fe_-1.234_n4_generated_crystals_cif__gen_2,11,-2.1,-2.027920246124268,-2.017267227172852,0.072079753875732,explore,0,0,LiMn2O4
job_136_Cr_fe_-1.181_n4_generated_crystals_cif__gen_0,11,-2.1,-2.2849669456481934,-2.177961587905884,0.1849669456481932,explore,1,1,LiCr2O4
job_096_Al_fe_-0.803_n4_generated_crystals_cif__gen_2,11,-2.1,-3.0388343334198,-3.0670223236083984,0.9388343334197996,explore,0,0,LiAl2O4
job_162_Mn_fe_-1.493_n4_generated_crystals_cif__gen_1,11,-2.1,-1.955191135406494,-1.9411338567733765,0.1448088645935061,explore,0,0,LiMn2O4
job_201_Cr_fe_-1.216_n4_generated_crystals_cif__gen_2,11,-2.1,-2.1955690383911133,-2.0675125122070312,0.0955690383911131,explore,1,1,LiCr2O4
job_118_Mn_fe_-1.458_n4_generated_crystals_cif__gen_0,11,-2.1,-2.0456907749176025,-2.009093761444092,0.0543092250823975,explore,0,0,LiMn2O4
job_073_Cr_fe_-1.375_n4_generated_crystals_cif__gen_0,11,-2.1,-2.2638235092163086,-2.122122287750244,0.1638235092163085,explore,1,1,LiCr2O4
job_072_Co_fe_-0.820_n4_generated_crystals_cif__gen_3,11,-2.1,-1.1255675554275513,-1.448652267456055,0.9744324445724488,explore,0,0,Li(CoO2)2
job_005_Al_fe_-1.478_n4_generated_crystals_cif__gen_2,11,-2.1,-2.9495201110839844,-3.0411131381988525,0.8495201110839843,explore,0,0,LiAl2O4
job_031_Al_fe_-1.055_n4_generated_crystals_cif__gen_0,11,-2.1,-2.965155124664306,-3.0106351375579834,0.8651551246643061,explore,0,0,LiAl2O4
job_044_Mn_fe_-0.936_n4_generated_crystals_cif__gen_2,12,-2.1,-2.0139474868774414,-2.001737117767334,0.0860525131225586,explore,0,0,LiMn2O4
job_169_Al_fe_-0.916_n4_generated_crystals_cif__gen_3,12,-2.1,-2.9829254150390625,-2.881225109100342,0.8829254150390624,explore,0,0,LiAl2O4
job_135_Co_fe_-0.851_n4_generated_crystals_cif__gen_1,12,-2.1,-1.1628894805908203,-1.5070674419403076,0.9371105194091798,explore,0,0,Li(CoO2)2
job_024_Mg_fe_-0.880_n4_generated_crystals_cif__gen_0,12,-2.1,-2.1649510860443115,-2.180685520172119,0.0649510860443114,explore,0,0,LiMg2O4
job_207_Cr_fe_-0.848_n4_generated_crystals_cif__gen_1,12,-2.1,-2.2530198097229004,-2.204430341720581,0.1530198097229003,explore,0,0,LiCr2O4
job_074_Mn_fe_-0.891_n4_generated_crystals_cif__gen_1,12,-2.1,-2.0529110431671143,-2.007370948791504,0.0470889568328858,explore,0,0,LiMn2O4
job_182_Cr_fe_-1.464_n4_generated_crystals_cif__gen_3,12,-2.1,-2.211308479309082,-2.1561551094055176,0.1113084793090819,explore,1,1,LiCr2O4
job_130_Cr_fe_-1.335_n4_generated_crystals_cif__gen_1,12,-2.1,-2.2340221405029297,-2.173297643661499,0.1340221405029296,explore,1,1,LiCr2O4
job_118_Mn_fe_-1.458_n4_generated_crystals_cif__gen_3,12,-2.1,-1.93953275680542,-1.945816159248352,0.1604672431945801,explore,0,0,LiMn2O4
job_088_Cr_fe_-1.127_n4_generated_crystals_cif__gen_0,12,-2.1,-2.2298645973205566,-2.191210985183716,0.1298645973205565,explore,0,0,LiCr2O4
job_213_Al_fe_-1.344_n4_generated_crystals_cif__gen_1,12,-2.1,-3.0343289375305176,-3.1154184341430664,0.9343289375305176,explore,0,0,LiAl2O4
job_167_Mn_fe_-0.885_n4_generated_crystals_cif__gen_3,12,-2.1,-2.059510946273804,-2.023138999938965,0.0404890537261959,explore,1,1,LiMn2O4
job_030_Mn_fe_-1.234_n4_generated_crystals_cif__gen_3,12,-2.1,-1.975563287734985,-1.9887442588806152,0.1244367122650149,explore,0,0,LiMn2O4
job_197_Mn_fe_-0.871_n4_generated_crystals_cif__gen_0,12,-2.1,-2.0101051330566406,-1.927563428878784,0.0898948669433594,explore,0,0,LiMn2O4
job_185_Co_fe_-0.960_n4_generated_crystals_cif__gen_0,12,-2.1,-1.186351299285889,-1.5308841466903689,0.9136487007141112,explore,0,0,Li(CoO2)2
job_087_Cr_fe_-1.452_n4_generated_crystals_cif__gen_2,12,-2.1,-2.195119857788086,-2.19195294380188,0.0951198577880858,explore,0,0,LiCr2O4
job_176_Mn_fe_-0.980_n4_generated_crystals_cif__gen_0,13,-2.1,-1.9555922746658323,-2.0098371505737305,0.1444077253341678,explore,0,0,LiMn2O4
job_215_Co_fe_-1.286_n4_generated_crystals_cif__gen_2,13,-2.1,-1.3664820194244385,-1.5091619491577148,0.7335179805755616,explore,0,0,Li(CoO2)2
job_163_Mg_fe_-0.801_n4_generated_crystals_cif__gen_3,13,-2.1,-2.191236019134521,-2.216045379638672,0.0912360191345209,explore,0,0,LiMg2O4
job_112_Cr_fe_-1.215_n4_generated_crystals_cif__gen_1,13,-2.1,-2.2017629146575928,-2.181520700454712,0.1017629146575926,explore,0,0,LiCr2O4
job_164_Mn_fe_-1.449_n4_generated_crystals_cif__gen_1,13,-2.1,-1.88662850856781,-1.9572625160217283,0.21337149143219,explore,0,0,LiMn2O4
job_066_Mn_fe_-1.023_n4_generated_crystals_cif__gen_2,13,-2.1,-1.9787267446517944,-1.9932122230529783,0.1212732553482056,explore,0,0,LiMn2O4
job_120_Cr_fe_-1.424_n4_generated_crystals_cif__gen_3,13,-2.1,-2.1530466079711914,-2.163705587387085,0.0530466079711913,explore,1,1,LiCr2O4
job_173_Mg_fe_-1.290_n4_generated_crystals_cif__gen_2,13,-2.1,-2.220329523086548,-2.2078213691711426,0.1203295230865477,explore,0,0,LiMg2O4
job_237_Co_fe_-1.198_n4_generated_crystals_cif__gen_2,13,-2.1,-1.387984275817871,-1.52774977684021,0.712015724182129,explore,0,0,Li(CoO2)2
job_105_Mn_fe_-0.898_n4_generated_crystals_cif__gen_1,13,-2.1,-1.9689732789993288,-1.9795161485672,0.1310267210006712,explore,0,0,LiMn2O4
job_193_Co_fe_-1.092_n4_generated_crystals_cif__gen_0,13,-2.1,-1.334200382232666,-1.452558517456055,0.7657996177673341,explore,0,0,Li(CoO2)2
job_240_Cr_fe_-1.413_n4_generated_crystals_cif__gen_2,13,-2.1,-2.1697418689727783,-2.160156488418579,0.0697418689727782,explore,1,1,LiCr2O4
job_105_Mn_fe_-0.898_n4_generated_crystals_cif__gen_0,13,-2.1,-1.990652084350586,-2.0049145221710205,0.1093479156494141,explore,0,0,LiMn2O4
job_158_Co_fe_-1.333_n4_generated_crystals_cif__gen_2,13,-2.1,-1.3525060415267944,-1.4988386631011963,0.7474939584732057,explore,0,0,Li(CoO2)2
job_062_Mg_fe_-0.803_n4_generated_crystals_cif__gen_1,13,-2.1,-2.1420626640319824,-2.113800525665283,0.0420626640319823,explore,1,1,LiMg2O4
job_118_Mn_fe_-1.458_n4_generated_crystals_cif__gen_1,13,-2.1,-1.9179463386535645,-1.920598745346069,0.1820536613464356,explore,0,0,LiMn2O4
job_130_Cr_fe_-1.335_n4_generated_crystals_cif__gen_2,14,-2.1,-2.2175817489624023,-2.19545841217041,0.1175817489624022,explore,0,0,LiCr2O4
job_158_Co_fe_-1.333_n4_generated_crystals_cif__gen_1,14,-2.1,-1.5247825384140017,-1.5012763738632202,0.5752174615859984,explore,0,0,Li(CoO2)2
job_232_Mn_fe_-1.004_n4_generated_crystals_cif__gen_3,14,-2.1,-1.9632575511932373,-1.9042694568634035,0.1367424488067627,explore,0,0,LiMn2O4
job_080_Mn_fe_-1.081_n4_generated_crystals_cif__gen_0,14,-2.1,-2.010197401046753,-1.9899033308029173,0.0898025989532471,explore,0,0,LiMn2O4
job_025_Co_fe_-1.096_n4_generated_crystals_cif__gen_3,14,-2.1,-1.4867300987243652,-1.3599703311920166,0.6132699012756349,explore,0,0,Li(CoO2)2
job_011_Mg_fe_-1.305_n4_generated_crystals_cif__gen_2,14,-2.1,-2.1532297134399414,-2.2273149490356445,0.0532297134399413,explore,0,0,LiMg2O4
job_127_Mn_fe_-1.465_n4_generated_crystals_cif__gen_1,14,-2.1,-1.923642635345459,-1.92506754398346,0.1763573646545411,explore,0,0,LiMn2O4
job_013_Cr_fe_-1.388_n4_generated_crystals_cif__gen_3,14,-2.1,-2.2256970405578613,-2.212435007095337,0.1256970405578612,explore,0,0,LiCr2O4
job_080_Mn_fe_-1.081_n4_generated_crystals_cif__gen_1,14,-2.1,-1.976315259933472,-1.927605509757996,0.1236847400665281,explore,0,0,LiMn2O4
job_106_Mn_fe_-1.140_n4_generated_crystals_cif__gen_1,14,-2.1,-1.941469669342041,-1.9467482566833496,0.158530330657959,explore,0,0,LiMn2O4
job_240_Cr_fe_-1.413_n4_generated_crystals_cif__gen_1,14,-2.1,-2.18508243560791,-2.153986930847168,0.08508243560791,explore,1,1,LiCr2O4
job_142_Mn_fe_-1.095_n4_generated_crystals_cif__gen_0,14,-2.1,-2.019656181335449,-2.003554582595825,0.0803438186645508,explore,0,0,LiMn2O4
job_233_Mn_fe_-1.136_n4_generated_crystals_cif__gen_2,14,-2.1,-1.993421196937561,-2.0037527084350586,0.106578803062439,explore,0,0,LiMn2O4
job_098_Mg_fe_-1.184_n4_generated_crystals_cif__gen_1,14,-2.1,-2.1546730995178223,-2.2197582721710205,0.0546730995178221,explore,0,0,LiMg2O4
job_039_Co_fe_-0.807_n4_generated_crystals_cif__gen_3,14,-2.1,-1.5044159889221191,-1.3987467288970947,0.595584011077881,explore,0,0,Li(CoO2)2
job_028_Co_fe_-0.810_n4_generated_crystals_cif__gen_3,14,-2.1,-1.5403859615325928,-1.5238240957260132,0.5596140384674073,explore,0,0,Li(CoO2)2
job_214_Cr_fe_-0.857_n4_generated_crystals_cif__gen_0,15,-2.1,-2.184908628463745,-2.1566174030303955,0.084908628463745,explore,1,1,LiCr2O4
job_141_Co_fe_-1.348_n4_generated_crystals_cif__gen_2,15,-2.1,-1.504289627075195,-1.493767261505127,0.595710372924805,explore,0,0,Li(CoO2)2
job_144_Co_fe_-1.460_n4_generated_crystals_cif__gen_3,15,-2.1,-1.4609510898590088,-1.5078598260879517,0.6390489101409913,explore,0,0,Li(CoO2)2
job_195_Mn_fe_-1.284_n4_generated_crystals_cif__gen_3,15,-2.1,-2.017425060272217,-2.015247106552124,0.0825749397277832,explore,0,0,LiMn2O4
job_112_Cr_fe_-1.215_n4_generated_crystals_cif__gen_3,15,-2.1,-2.2143707275390625,-2.181488037109375,0.1143707275390624,explore,0,0,LiCr2O4
job_029_Cr_fe_-1.337_n4_generated_crystals_cif__gen_2,15,-2.1,-2.140048027038574,-2.115389823913574,0.0400480270385741,explore,1,1,LiCr2O4
job_176_Mn_fe_-0.980_n4_generated_crystals_cif__gen_3,15,-2.1,-1.9507744312286377,-1.9345104694366453,0.1492255687713624,explore,0,0,LiMn2O4
job_148_Mn_fe_-0.904_n4_generated_crystals_cif__gen_1,15,-2.1,-2.031977653503418,-2.0427322387695312,0.0680223464965821,explore,1,1,LiMn2O4
job_018_Co_fe_-0.907_n4_generated_crystals_cif__gen_0,15,-2.1,-1.450347900390625,-1.4637501239776611,0.6496520996093751,explore,0,0,Li(CoO2)2
job_036_Mg_fe_-1.056_n4_generated_crystals_cif__gen_1,15,-2.1,-2.2773802280426025,-2.262425184249878,0.1773802280426024,explore,0,0,LiMg2O4
job_017_Mn_fe_-1.234_n4_generated_crystals_cif__gen_3,15,-2.1,-1.9800567626953125,-1.9223705530166624,0.1199432373046875,explore,0,0,LiMn2O4
job_020_Mn_fe_-0.989_n4_generated_crystals_cif__gen_1,15,-2.1,-2.026219129562378,-2.02649188041687,0.0737808704376221,explore,1,1,LiMn2O4
job_112_Cr_fe_-1.215_n4_generated_crystals_cif__gen_0,15,-2.1,-2.227205276489258,-2.210746049880981,0.1272052764892577,explore,0,0,LiCr2O4
job_154_Mn_fe_-1.207_n4_generated_crystals_cif__gen_1,15,-2.1,-2.004271984100342,-2.0003502368927,0.0957280158996582,explore,0,0,LiMn2O4
job_073_Cr_fe_-1.375_n4_generated_crystals_cif__gen_3,15,-2.1,-2.168280839920044,-2.1547746658325195,0.0682808399200438,explore,1,1,LiCr2O4
job_133_Mn_fe_-1.385_n4_generated_crystals_cif__gen_2,15,-2.1,-1.9665404558181765,-1.933753609657288,0.1334595441818236,explore,0,0,LiMn2O4
job_171_Cr_fe_-1.042_n4_generated_crystals_cif__gen_1,16,-2.1,-2.211487293243408,-2.201009511947632,0.1114872932434081,explore,0,0,LiCr2O4
job_072_Co_fe_-0.820_n4_generated_crystals_cif__gen_0,16,-2.1,-1.433672547340393,-1.4278587102890017,0.666327452659607,explore,0,0,Li(CoO2)2
job_162_Mn_fe_-1.493_n4_generated_crystals_cif__gen_2,16,-2.1,-2.004445552825928,-2.01844334602356,0.0955544471740719,explore,0,0,LiMn2O4
job_025_Co_fe_-1.096_n4_generated_crystals_cif__gen_0,16,-2.1,-1.4224473237991333,-1.4963135719299316,0.6775526762008668,explore,0,0,Li(CoO2)2
job_144_Co_fe_-1.460_n4_generated_crystals_cif__gen_2,16,-2.1,-1.4836963415145874,-1.5255531072616575,0.6163036584854127,explore,0,0,Li(CoO2)2
job_156_Co_fe_-0.846_n4_generated_crystals_cif__gen_1,16,-2.1,-1.488334059715271,-1.524195432662964,0.6116659402847291,explore,0,0,Li(CoO2)2
job_061_Mn_fe_-1.231_n4_generated_crystals_cif__gen_0,16,-2.1,-2.0223464965820312,-2.01950740814209,0.0776535034179688,explore,0,0,LiMn2O4
job_105_Mn_fe_-0.898_n4_generated_crystals_cif__gen_3,16,-2.1,-2.034132719039917,-1.9902012348175049,0.0658672809600831,explore,0,0,LiMn2O4
job_200_Cr_fe_-1.108_n4_generated_crystals_cif__gen_2,16,-2.1,-2.210045099258423,-2.187739610671997,0.1100450992584227,explore,0,0,LiCr2O4
job_075_Co_fe_-0.911_n4_generated_crystals_cif__gen_2,16,-2.1,-1.4957529306411743,-1.513709545135498,0.6042470693588258,explore,0,0,Li(CoO2)2
job_029_Cr_fe_-1.337_n4_generated_crystals_cif__gen_3,16,-2.1,-2.2058942317962646,-2.181931734085083,0.1058942317962645,explore,0,0,LiCr2O4
job_249_Cr_fe_-1.500_n4_generated_crystals_cif__gen_1,16,-2.1,-2.169046401977539,-2.1460623741149902,0.0690464019775389,explore,1,1,LiCr2O4
job_133_Mn_fe_-1.385_n4_generated_crystals_cif__gen_3,16,-2.1,-1.964637041091919,-1.9298725128173828,0.1353629589080811,explore,0,0,LiMn2O4
job_066_Mn_fe_-1.023_n4_generated_crystals_cif__gen_0,16,-2.1,-2.0134618282318115,-1.9871506690979004,0.0865381717681885,explore,0,0,LiMn2O4
job_032_Co_fe_-1.386_n4_generated_crystals_cif__gen_1,16,-2.1,-1.4458355903625488,-1.4119749069213867,0.6541644096374513,explore,0,0,Li(CoO2)2
job_128_Mg_fe_-0.915_n4_generated_crystals_cif__gen_2,16,-2.1,-2.19002628326416,-2.163269519805908,0.09002628326416,explore,1,1,LiMg2O4
job_129_Mn_fe_-0.852_n4_generated_crystals_cif__gen_1,17,-2.1,-2.0017881393432617,-1.996446132659912,0.0982118606567383,explore,0,0,LiMn2O4
job_161_Co_fe_-0.850_n4_generated_crystals_cif__gen_2,17,-2.1,-1.4564388990402222,-1.4287563562393188,0.6435611009597779,explore,0,0,Li(CoO2)2
job_029_Cr_fe_-1.337_n4_generated_crystals_cif__gen_1,17,-2.1,-2.201375961303711,-2.171660184860229,0.1013759613037108,explore,1,1,LiCr2O4
job_013_Cr_fe_-1.388_n4_generated_crystals_cif__gen_0,17,-2.1,-2.216127634048462,-2.2145888805389404,0.1161276340484618,explore,0,0,LiCr2O4
job_053_Co_fe_-0.977_n4_generated_crystals_cif__gen_1,17,-2.1,-1.431259274482727,-1.4644300937652588,0.668740725517273,explore,0,0,Li(CoO2)2
job_197_Mn_fe_-0.871_n4_generated_crystals_cif__gen_2,17,-2.1,-2.040027379989624,-2.0271286964416504,0.059972620010376,explore,1,1,LiMn2O4
job_042_Cr_fe_-0.962_n4_generated_crystals_cif__gen_0,17,-2.1,-2.153964042663574,-2.158137083053589,0.0539640426635741,explore,1,1,LiCr2O4
job_039_Co_fe_-0.807_n4_generated_crystals_cif__gen_0,17,-2.1,-1.500350832939148,-1.5000295639038086,0.5996491670608521,explore,0,0,Li(CoO2)2
job_076_Mg_fe_-1.074_n4_generated_crystals_cif__gen_0,17,-2.1,-2.19067931175232,-2.200692653656006,0.0906793117523196,explore,0,0,LiMg2O4
job_118_Mn_fe_-1.458_n4_generated_crystals_cif__gen_2,17,-2.1,-2.024601697921753,-2.03523588180542,0.0753983020782471,explore,1,1,LiMn2O4
job_241_Co_fe_-1.145_n4_generated_crystals_cif__gen_3,17,-2.1,-1.4434852600097656,-1.3365981578826904,0.6565147399902345,explore,0,0,Li(CoO2)2
job_219_Co_fe_-0.895_n4_generated_crystals_cif__gen_1,17,-2.1,-1.4704545736312866,-1.4388465881347656,0.6295454263687135,explore,0,0,Li(CoO2)2
job_006_Mn_fe_-1.347_n4_generated_crystals_cif__gen_0,17,-2.1,-1.95630955696106,-1.9178762435913088,0.14369044303894,explore,0,0,LiMn2O4
job_148_Mn_fe_-0.904_n4_generated_crystals_cif__gen_2,17,-2.1,-2.010002374649048,-2.022401571273804,0.0899976253509522,explore,1,1,LiMn2O4
job_234_Cr_fe_-1.123_n4_generated_crystals_cif__gen_2,17,-2.1,-2.159518003463745,-2.1442270278930664,0.059518003463745,explore,1,1,LiCr2O4
job_008_Mg_fe_-1.361_n4_generated_crystals_cif__gen_1,17,-2.1,-2.1791651248931885,-2.1996724605560303,0.0791651248931883,explore,0,0,LiMg2O4
job_212_Cr_fe_-1.473_n4_generated_crystals_cif__gen_3,18,-2.1,-2.19891619682312,-2.209064722061157,0.09891619682312,explore,0,0,LiCr2O4
job_034_Co_fe_-1.009_n4_generated_crystals_cif__gen_0,18,-2.1,-1.4552463293075562,-1.4720542430877686,0.6447536706924439,explore,0,0,Li(CoO2)2
job_023_Co_fe_-0.919_n4_generated_crystals_cif__gen_1,18,-2.1,-1.4524617195129397,-1.454839110374451,0.6475382804870604,explore,0,0,Li(CoO2)2
job_069_Mn_fe_-1.295_n4_generated_crystals_cif__gen_1,18,-2.1,-1.9899590015411377,-1.9281095266342163,0.1100409984588624,explore,0,0,LiMn2O4
job_023_Co_fe_-0.919_n4_generated_crystals_cif__gen_0,18,-2.1,-1.5052490234375,-1.5142971277236938,0.5947509765625001,explore,0,0,Li(CoO2)2
job_083_Cr_fe_-0.935_n4_generated_crystals_cif__gen_2,18,-2.1,-2.125640392303467,-2.139615058898926,0.0256403923034667,explore,1,1,LiCr2O4
job_028_Co_fe_-0.810_n4_generated_crystals_cif__gen_1,18,-2.1,-1.43097722530365,-1.433193922042847,0.6690227746963502,explore,0,0,Li(CoO2)2
job_147_Mn_fe_-0.827_n4_generated_crystals_cif__gen_1,18,-2.1,-2.029567241668701,-2.0137922763824463,0.0704327583312989,explore,0,0,LiMn2O4
job_130_Cr_fe_-1.335_n4_generated_crystals_cif__gen_0,18,-2.1,-2.170591115951538,-2.2054734230041504,0.070591115951538,explore,0,0,LiCr2O4
job_107_Co_fe_-1.032_n4_generated_crystals_cif__gen_0,18,-2.1,-1.441340684890747,-1.408832311630249,0.658659315109253,explore,0,0,Li(CoO2)2
job_168_Co_fe_-1.301_n4_generated_crystals_cif__gen_2,18,-2.1,-1.435112476348877,-1.4075247049331665,0.6648875236511231,explore,0,0,Li(CoO2)2
job_101_Mg_fe_-1.339_n4_generated_crystals_cif__gen_1,18,-2.1,-2.153348684310913,-2.1796176433563232,0.053348684310913,explore,1,1,LiMg2O4
job_172_Mn_fe_-1.032_n4_generated_crystals_cif__gen_1,18,-2.1,-2.063577651977539,-2.029231548309326,0.036422348022461,explore,1,1,LiMn2O4
job_158_Co_fe_-1.333_n4_generated_crystals_cif__gen_3,18,-2.1,-1.4747391939163208,-1.300449013710022,0.6252608060836793,explore,0,0,Li(CoO2)2
job_154_Mn_fe_-1.207_n4_generated_crystals_cif__gen_3,18,-2.1,-2.015251398086548,-2.0229361057281494,0.0847486019134522,explore,1,1,LiMn2O4
job_032_Co_fe_-1.386_n4_generated_crystals_cif__gen_0,18,-2.1,-1.462231159210205,-1.4978969097137451,0.637768840789795,explore,0,0,Li(CoO2)2
job_126_Cr_fe_-0.901_n4_generated_crystals_cif__gen_0,19,-2.1,-2.2602198123931885,-2.23909068107605,0.1602198123931884,explore,0,0,LiCr2O4
job_241_Co_fe_-1.145_n4_generated_crystals_cif__gen_0,19,-2.1,-1.3568875789642334,-1.3064260482788086,0.7431124210357667,explore,0,0,Li(CoO2)2
job_065_Mn_fe_-1.024_n4_generated_crystals_cif__gen_2,19,-2.1,-2.0939197540283203,-2.008341789245605,0.0060802459716797,explore,0,0,LiMn2O4
job_237_Co_fe_-1.198_n4_generated_crystals_cif__gen_3,19,-2.1,-1.4951391220092771,-1.4116817712783811,0.604860877990723,explore,0,0,Li(CoO2)2
job_100_Co_fe_-1.485_n4_generated_crystals_cif__gen_0,19,-2.1,-1.4600170850753784,-1.509009838104248,0.6399829149246217,explore,0,0,Li(CoO2)2
job_018_Co_fe_-0.907_n4_generated_crystals_cif__gen_3,19,-2.1,-1.4077119827270508,-1.4167397022247314,0.6922880172729493,explore,0,0,Li(CoO2)2
job_034_Co_fe_-1.009_n4_generated_crystals_cif__gen_3,19,-2.1,-1.4650403261184692,-1.45408034324646,0.6349596738815309,explore,0,0,Li(CoO2)2
job_219_Co_fe_-0.895_n4_generated_crystals_cif__gen_0,19,-2.1,-1.4411784410476685,-1.35151207447052,0.6588215589523316,explore,0,0,Li(CoO2)2
job_072_Co_fe_-0.820_n4_generated_crystals_cif__gen_1,19,-2.1,-1.5031818151474,-1.5023396015167236,0.5968181848526002,explore,0,0,Li(CoO2)2
job_148_Mn_fe_-0.904_n4_generated_crystals_cif__gen_3,19,-2.1,-2.078088521957397,-2.0083227157592773,0.021911478042603,explore,0,0,LiMn2O4
job_178_Mg_fe_-1.353_n4_generated_crystals_cif__gen_1,19,-2.1,-2.245943069458008,-2.1866466999053955,0.1459430694580077,explore,0,0,LiMg2O4
job_021_Mg_fe_-1.413_n4_generated_crystals_cif__gen_3,19,-2.1,-2.2012555599212646,-2.1637938022613525,0.1012555599212645,explore,1,1,LiMg2O4
job_141_Co_fe_-1.348_n4_generated_crystals_cif__gen_1,19,-2.1,-1.4194618463516235,-1.3483400344848633,0.6805381536483766,explore,0,0,Li(CoO2)2
job_012_Cr_fe_-1.495_n4_generated_crystals_cif__gen_3,19,-2.1,-2.221453189849853,-2.222175359725952,0.1214531898498529,explore,0,0,LiCr2O4
job_237_Co_fe_-1.198_n4_generated_crystals_cif__gen_1,19,-2.1,-1.5260603427886963,-1.5035208463668823,0.5739396572113038,explore,0,0,Li(CoO2)2
job_249_Cr_fe_-1.500_n4_generated_crystals_cif__gen_3,19,-2.1,-2.23492431640625,-2.196943044662476,0.1349243164062499,explore,0,0,LiCr2O4
job_017_Mn_fe_-1.234_n4_generated_crystals_cif__gen_0,20,-2.1,-2.0472989082336426,-2.0187184810638428,0.0527010917663575,explore,0,0,LiMn2O4
job_168_Co_fe_-1.301_n4_generated_crystals_cif__gen_0,20,-2.1,-1.4023693799972534,-1.3794684410095217,0.6976306200027467,explore,0,0,Li(CoO2)2
job_136_Cr_fe_-1.181_n4_generated_crystals_cif__gen_2,20,-2.1,-2.216866970062256,-2.209388256072998,0.1168669700622557,explore,0,0,LiCr2O4
job_193_Co_fe_-1.092_n4_generated_crystals_cif__gen_1,20,-2.1,-1.4346176385879517,-1.4423552751541138,0.6653823614120484,explore,0,0,Li(CoO2)2
job_087_Cr_fe_-1.452_n4_generated_crystals_cif__gen_3,20,-2.1,-2.2054810523986816,-2.1994001865386963,0.1054810523986815,explore,0,0,LiCr2O4
job_022_Al_fe_-1.445_n4_generated_crystals_cif__gen_2,20,-2.1,-2.995368003845215,-3.0204546451568604,0.8953680038452148,explore,0,0,LiAl2O4
job_023_Co_fe_-0.919_n4_generated_crystals_cif__gen_3,20,-2.1,-1.4330042600631714,-1.4480853080749512,0.6669957399368287,explore,0,0,Li(CoO2)2
job_141_Co_fe_-1.348_n4_generated_crystals_cif__gen_0,20,-2.1,-1.3312112092971802,-1.326754093170166,0.7687887907028199,explore,0,0,Li(CoO2)2
job_237_Co_fe_-1.198_n4_generated_crystals_cif__gen_0,20,-2.1,-1.2503066062927246,-1.3146519660949707,0.8496933937072755,explore,0,0,Li(CoO2)2
job_127_Mn_fe_-1.465_n4_generated_crystals_cif__gen_2,20,-2.1,-2.042341470718384,-2.0267858505249023,0.0576585292816163,explore,1,1,LiMn2O4
job_051_Co_fe_-1.402_n4_generated_crystals_cif__gen_1,20,-2.1,-1.5021347999572754,-1.4988126754760742,0.5978652000427247,explore,0,0,Li(CoO2)2
job_116_Ti_fe_-1.462_n4_generated_crystals_cif__gen_1,20,-2.1,-3.0629260540008545,-3.106773614883423,0.9629260540008544,explore,0,0,LiTi2O4
job_191_Ti_fe_-0.867_n4_generated_crystals_cif__gen_0,20,-2.1,-2.912724256515503,-3.1645193099975586,0.8127242565155028,explore,0,0,LiTi2O4
job_161_Co_fe_-0.850_n4_generated_crystals_cif__gen_1,20,-2.1,-1.4473520517349243,-1.4739354848861694,0.6526479482650758,explore,0,0,Li(CoO2)2
job_208_Cr_fe_-1.031_n4_generated_crystals_cif__gen_1,20,-2.1,-2.2285964488983154,-2.1959590911865234,0.1285964488983153,explore,0,0,LiCr2O4
job_048_Co_fe_-1.351_n4_generated_crystals_cif__gen_3,20,-2.1,-1.176587462425232,-1.357923984527588,0.9234125375747682,explore,0,0,Li(CoO2)2
job_225_Co_fe_-1.375_n4_generated_crystals_cif__gen_2,21,-2.1,-1.3810663223266602,-1.4942165613174438,0.7189336776733399,explore,0,0,Li(CoO2)2
job_122_Al_fe_-1.402_n4_generated_crystals_cif__gen_1,21,-2.1,-2.964784383773804,-3.153981924057007,0.8647843837738041,explore,0,0,LiAl2O4
job_167_Mn_fe_-0.885_n4_generated_crystals_cif__gen_2,21,-2.1,-1.9341835975646973,-1.995753526687622,0.1658164024353028,explore,0,0,LiMn2O4
job_058_Cr_fe_-1.423_n4_generated_crystals_cif__gen_2,21,-2.1,-2.122177124023437,-2.193563222885132,0.0221771240234369,explore,0,0,LiCr2O4
job_241_Co_fe_-1.145_n4_generated_crystals_cif__gen_2,21,-2.1,-1.2984201908111572,-1.3559165000915527,0.8015798091888429,explore,0,0,Li(CoO2)2
job_184_Co_fe_-1.469_n4_generated_crystals_cif__gen_0,21,-2.1,-1.2078168392181396,-1.350908875465393,0.8921831607818604,explore,0,0,Li(CoO2)2
job_137_Al_fe_-1.012_n4_generated_crystals_cif__gen_1,21,-2.1,-2.8374264240264893,-2.91833758354187,0.7374264240264892,explore,0,0,LiAl2O4
job_075_Co_fe_-0.911_n4_generated_crystals_cif__gen_1,21,-2.1,-1.259303331375122,-1.359947681427002,0.840696668624878,explore,0,0,Li(CoO2)2
job_045_Al_fe_-1.313_n4_generated_crystals_cif__gen_1,21,-2.1,-2.9779276847839355,-2.9452714920043945,0.8779276847839355,explore,0,0,LiAl2O4
job_179_Co_fe_-1.357_n4_generated_crystals_cif__gen_3,21,-2.1,-1.335957407951355,-1.388706088066101,0.7640425920486451,explore,0,0,Li(CoO2)2
job_107_Co_fe_-1.032_n4_generated_crystals_cif__gen_1,21,-2.1,-1.4115158319473269,-1.4972996711730957,0.6884841680526732,explore,0,0,Li(CoO2)2
job_134_Mn_fe_-0.810_n4_generated_crystals_cif__gen_3,21,-2.1,-1.9710112810134888,-2.015132188796997,0.1289887189865113,explore,0,0,LiMn2O4
job_151_Al_fe_-1.416_n4_generated_crystals_cif__gen_1,21,-2.1,-2.993588924407959,-3.069370985031128,0.8935889244079589,explore,0,0,LiAl2O4
job_229_Al_fe_-1.076_n4_generated_crystals_cif__gen_2,21,-2.1,-2.94246768951416,-3.067518472671509,0.8424676895141601,explore,0,0,LiAl2O4
job_246_Al_fe_-1.026_n4_generated_crystals_cif__gen_2,21,-2.1,-3.003793716430664,-2.986004590988159,0.903793716430664,explore,0,0,LiAl2O4
job_034_Co_fe_-1.009_n4_generated_crystals_cif__gen_2,21,-2.1,-1.3562142848968506,-1.4351911544799805,0.7437857151031495,explore,0,0,Li(CoO2)2
job_192_Mg_fe_-1.475_n4_generated_crystals_cif__gen_0,22,-2.1,-2.12727427482605,-2.177951097488404,0.0272742748260497,explore,1,1,LiMg2O4
job_081_Al_fe_-1.486_n4_generated_crystals_cif__gen_3,22,-2.1,-3.0111470222473145,-3.1494154930114746,0.9111470222473144,explore,0,0,LiAl2O4
job_053_Co_fe_-0.977_n4_generated_crystals_cif__gen_2,22,-2.1,-1.347204566001892,-1.4127352237701416,0.752795433998108,explore,0,0,Li(CoO2)2
job_215_Co_fe_-1.286_n4_generated_crystals_cif__gen_1,22,-2.1,-1.3856868743896484,-1.4223425388336182,0.7143131256103517,explore,0,0,Li(CoO2)2
job_090_Al_fe_-0.837_n4_generated_crystals_cif__gen_3,22,-2.1,-3.0730772018432617,-3.158353090286255,0.9730772018432616,explore,0,0,LiAl2O4
job_149_Mn_fe_-1.083_n4_generated_crystals_cif__gen_0,22,-2.1,-1.9616073369979856,-2.0294673442840576,0.1383926630020144,explore,1,1,LiMn2O4
job_144_Co_fe_-1.460_n4_generated_crystals_cif__gen_0,22,-2.1,-1.4331475496292114,-1.4710986614227295,0.6668524503707887,explore,0,0,Li(CoO2)2
job_162_Mn_fe_-1.493_n4_generated_crystals_cif__gen_0,22,-2.1,-1.939504623413086,-2.0029783248901367,0.1604953765869141,explore,0,0,LiMn2O4
job_100_Co_fe_-1.485_n4_generated_crystals_cif__gen_1,22,-2.1,-1.387529969215393,-1.419140100479126,0.712470030784607,explore,0,0,Li(CoO2)2
job_079_Cr_fe_-0.854_n4_generated_crystals_cif__gen_0,22,-2.1,-2.156954288482666,-2.2454543113708496,0.0569542884826659,explore,0,0,LiCr2O4
job_143_Mg_fe_-1.457_n4_generated_crystals_cif__gen_1,22,-2.1,-2.1423604488372803,-2.2118492126464844,0.0423604488372801,explore,0,0,LiMg2O4
job_184_Co_fe_-1.469_n4_generated_crystals_cif__gen_1,22,-2.1,-1.302593469619751,-1.3748714923858645,0.7974065303802491,explore,0,0,Li(CoO2)2
job_144_Co_fe_-1.460_n4_generated_crystals_cif__gen_1,22,-2.1,-1.427876114845276,-1.489244818687439,0.672123885154724,explore,0,0,Li(CoO2)2
job_129_Mn_fe_-0.852_n4_generated_crystals_cif__gen_0,22,-2.1,-1.983800172805786,-1.9830282926559448,0.1161998271942141,explore,0,0,LiMn2O4
job_184_Co_fe_-1.469_n4_generated_crystals_cif__gen_2,22,-2.1,-1.4097591638565063,-1.4096026420593262,0.6902408361434937,explore,0,0,Li(CoO2)2
job_082_Co_fe_-0.885_n4_generated_crystals_cif__gen_1,22,-2.1,-1.3760418891906738,-1.3977574110031128,0.7239581108093263,explore,0,0,Li(CoO2)2
job_140_Al_fe_-1.392_n4_generated_crystals_cif__gen_1,23,-2.1,-3.0803887844085693,-3.1453235149383545,0.9803887844085692,explore,0,0,LiAl2O4
job_068_Cr_fe_-1.051_n4_generated_crystals_cif__gen_3,23,-2.1,-2.17313814163208,-2.208514213562012,0.0731381416320799,explore,0,0,LiCr2O4
job_025_Co_fe_-1.096_n4_generated_crystals_cif__gen_1,23,-2.1,-1.4003033638000488,-1.4404375553131104,0.6996966361999513,explore,0,0,Li(CoO2)2
job_091_Ni_fe_-1.314_n4_generated_crystals_cif__gen_3,23,-2.1,-1.003907561302185,-1.0587022304534912,1.096092438697815,explore,0,0,Li(NiO2)2
job_044_Mn_fe_-0.936_n4_generated_crystals_cif__gen_1,23,-2.1,-1.9853156805038448,-2.023045063018799,0.1146843194961553,explore,1,1,LiMn2O4
job_072_Co_fe_-0.820_n4_generated_crystals_cif__gen_2,23,-2.1,-1.4710073471069336,-1.4843320846557615,0.6289926528930665,explore,0,0,Li(CoO2)2
job_159_Al_fe_-1.408_n4_generated_crystals_cif__gen_1,23,-2.1,-2.970693588256836,-3.067146062850952,0.8706935882568358,explore,0,0,LiAl2O4
job_179_Co_fe_-1.357_n4_generated_crystals_cif__gen_0,23,-2.1,-1.3403984308242798,-1.401219129562378,0.7596015691757203,explore,0,0,Li(CoO2)2
job_052_Ti_fe_-1.107_n4_generated_crystals_cif__gen_2,23,-2.1,-3.17952036857605,-3.154282331466675,1.0795203685760495,explore,0,0,LiTi2O4
job_049_Al_fe_-1.223_n4_generated_crystals_cif__gen_1,23,-2.1,-3.015510082244873,-3.1590735912323,0.915510082244873,explore,0,0,LiAl2O4
job_117_Ti_fe_-0.811_n4_generated_crystals_cif__gen_0,23,-2.1,-3.044018268585205,-3.131124258041382,0.944018268585205,explore,0,0,LiTi2O4
job_048_Co_fe_-1.351_n4_generated_crystals_cif__gen_1,23,-2.1,-1.4400147199630735,-1.5066105127334597,0.6599852800369266,explore,0,0,Li(CoO2)2
job_229_Al_fe_-1.076_n4_generated_crystals_cif__gen_3,23,-2.1,-3.09478497505188,-3.116238594055176,0.9947849750518798,explore,0,0,LiAl2O4
job_069_Mn_fe_-1.295_n4_generated_crystals_cif__gen_3,23,-2.1,-1.9530737400054927,-2.0107548236846924,0.1469262599945073,explore,0,0,LiMn2O4
job_044_Mn_fe_-0.936_n4_generated_crystals_cif__gen_0,23,-2.1,-1.9662643671035769,-2.011162757873535,0.1337356328964232,explore,0,0,LiMn2O4
job_121_Ni_fe_-1.367_n4_generated_crystals_cif__gen_3,23,-2.1,-0.9843924045562744,-1.07256817817688,1.1156075954437257,explore,0,0,Li(NiO2)2
job_230_Mg_fe_-1.419_n4_generated_crystals_cif__gen_3,24,-2.1,-2.1919898986816406,-2.2055721282958984,0.0919898986816405,explore,0,0,LiMg2O4
job_109_Ti_fe_-0.845_n4_generated_crystals_cif__gen_1,24,-2.1,-3.2659213542938232,-3.188997983932495,1.1659213542938232,explore,0,0,LiTi2O4
job_100_Co_fe_-1.485_n4_generated_crystals_cif__gen_3,24,-2.1,-1.4308596849441528,-1.4826509952545166,0.6691403150558473,explore,0,0,Li(CoO2)2
job_111_Ni_fe_-0.951_n4_generated_crystals_cif__gen_1,24,-2.1,-1.0014166831970217,-1.0768396854400637,1.0985833168029784,explore,0,0,Li(NiO2)2
job_114_Al_fe_-1.252_n4_generated_crystals_cif__gen_1,24,-2.1,-3.067509651184082,-3.1561853885650635,0.967509651184082,explore,0,0,LiAl2O4
job_014_Al_fe_-1.262_n4_generated_crystals_cif__gen_1,24,-2.1,-3.118499755859375,-3.148024797439575,1.018499755859375,explore,0,0,LiAl2O4
job_097_Ti_fe_-1.239_n4_generated_crystals_cif__gen_3,24,-2.1,-3.2793476581573486,-3.2389488220214844,1.1793476581573483,explore,0,0,LiTi2O4
job_176_Mn_fe_-0.980_n4_generated_crystals_cif__gen_1,24,-2.1,-2.0157718658447266,-2.0186314582824707,0.0842281341552735,explore,0,0,LiMn2O4
job_032_Co_fe_-1.386_n4_generated_crystals_cif__gen_2,24,-2.1,-1.409504532814026,-1.4285393953323364,0.690495467185974,explore,0,0,Li(CoO2)2
job_071_Ti_fe_-0.887_n4_generated_crystals_cif__gen_2,24,-2.1,-3.073991537094116,-3.1473639011383057,0.973991537094116,explore,0,0,LiTi2O4
job_115_Al_fe_-1.173_n4_generated_crystals_cif__gen_0,24,-2.1,-3.12688946723938,-3.1091599464416504,1.0268894672393798,explore,0,0,LiAl2O4
job_185_Co_fe_-0.960_n4_generated_crystals_cif__gen_2,24,-2.1,-1.424960970878601,-1.4677742719650269,0.675039029121399,explore,0,0,Li(CoO2)2
job_025_Co_fe_-1.096_n4_generated_crystals_cif__gen_2,24,-2.1,-1.3917325735092163,-1.4236335754394531,0.7082674264907838,explore,0,0,Li(CoO2)2
job_146_Cr_fe_-1.128_n4_generated_crystals_cif__gen_2,24,-2.1,-2.203479290008545,-2.204536199569702,0.1034792900085448,explore,0,0,LiCr2O4
job_227_Mg_fe_-1.196_n4_generated_crystals_cif__gen_3,24,-2.1,-2.175560235977173,-2.193936347961426,0.0755602359771727,explore,0,0,LiMg2O4
job_243_Al_fe_-1.012_n4_generated_crystals_cif__gen_2,24,-2.1,-3.1448445320129395,-3.132365226745605,1.0448445320129394,explore,0,0,LiAl2O4
job_002_Ni_fe_-1.402_n4_generated_crystals_cif__gen_0,25,-2.1,-0.9330737590789796,-1.0407291650772097,1.1669262409210206,explore,0,0,Li(NiO2)2
job_115_Al_fe_-1.173_n4_generated_crystals_cif__gen_1,25,-2.1,-3.148704290390014,-3.12134313583374,1.048704290390014,explore,0,0,LiAl2O4
job_181_Mg_fe_-1.158_n4_generated_crystals_cif__gen_0,25,-2.1,-2.200560569763184,-2.1844799518585205,0.1005605697631839,explore,0,0,LiMg2O4
job_023_Co_fe_-0.919_n4_generated_crystals_cif__gen_2,25,-2.1,-1.439512014389038,-1.4567465782165527,0.660487985610962,explore,0,0,Li(CoO2)2
job_086_Mn_fe_-0.988_n4_generated_crystals_cif__gen_1,25,-2.1,-2.0011420249938965,-2.012666940689087,0.0988579750061036,explore,0,0,LiMn2O4
job_091_Ni_fe_-1.314_n4_generated_crystals_cif__gen_0,25,-2.1,-1.041494607925415,-1.0840331315994265,1.058505392074585,explore,0,0,Li(NiO2)2
job_010_Al_fe_-1.346_n4_generated_crystals_cif__gen_2,25,-2.1,-3.072920560836792,-3.157589912414551,0.972920560836792,explore,0,0,LiAl2O4
job_035_Ti_fe_-1.046_n4_generated_crystals_cif__gen_0,25,-2.1,-3.262625217437744,-3.1796257495880127,1.162625217437744,explore,0,0,LiTi2O4
job_051_Co_fe_-1.402_n4_generated_crystals_cif__gen_0,25,-2.1,-1.458431601524353,-1.4711841344833374,0.6415683984756471,explore,0,0,Li(CoO2)2
job_010_Al_fe_-1.346_n4_generated_crystals_cif__gen_0,25,-2.1,-3.12190318107605,-3.161445379257202,1.0219031810760495,explore,0,0,LiAl2O4
job_108_Ni_fe_-1.123_n4_generated_crystals_cif__gen_1,25,-2.1,-0.959308624267578,-1.0526087284088137,1.140691375732422,explore,0,0,Li(NiO2)2
job_093_Ni_fe_-0.850_n4_generated_crystals_cif__gen_3,25,-2.1,-1.0155473947525024,-1.0917706489562988,1.0844526052474976,explore,0,0,Li(NiO2)2
job_045_Al_fe_-1.313_n4_generated_crystals_cif__gen_3,25,-2.1,-3.111438274383545,-3.036072969436645,1.0114382743835448,explore,0,0,LiAl2O4
job_193_Co_fe_-1.092_n4_generated_crystals_cif__gen_3,25,-2.1,-1.4521723985671997,-1.5073931217193604,0.6478276014328004,explore,0,0,Li(CoO2)2
job_048_Co_fe_-1.351_n4_generated_crystals_cif__gen_0,25,-2.1,-1.404889702796936,-1.3924156427383425,0.695110297203064,explore,0,0,Li(CoO2)2
job_078_Ni_fe_-1.122_n4_generated_crystals_cif__gen_3,25,-2.1,-0.949570655822754,-1.054322361946106,1.1504293441772462,explore,0,0,Li(NiO2)2
job_190_Mn_fe_-0.838_n4_generated_crystals_cif__gen_1,26,-2.1,-1.9895325899124143,-2.0107338428497314,0.1104674100875857,explore,0,0,LiMn2O4
job_093_Ni_fe_-0.850_n4_generated_crystals_cif__gen_2,26,-2.1,-0.9349170923233032,-1.0448346138000488,1.1650829076766969,explore,0,0,Li(NiO2)2
job_174_Ti_fe_-1.427_n4_generated_crystals_cif__gen_3,26,-2.1,-3.2693278789520264,-3.1882665157318115,1.1693278789520265,explore,0,0,LiTi2O4
job_084_Ni_fe_-1.459_n4_generated_crystals_cif__gen_1,26,-2.1,-0.9303746223449708,-1.04414701461792,1.1696253776550294,explore,0,0,Li(NiO2)2
job_225_Co_fe_-1.375_n4_generated_crystals_cif__gen_1,26,-2.1,-1.4484553337097168,-1.5009140968322754,0.6515446662902833,explore,0,0,Li(CoO2)2
job_114_Al_fe_-1.252_n4_generated_crystals_cif__gen_2,26,-2.1,-3.128207206726074,-3.168752431869507,1.028207206726074,explore,0,0,LiAl2O4
job_228_Ti_fe_-0.950_n4_generated_crystals_cif__gen_1,26,-2.1,-3.249440908432007,-3.1674187183380127,1.1494409084320067,explore,0,0,LiTi2O4
job_090_Al_fe_-0.837_n4_generated_crystals_cif__gen_1,26,-2.1,-3.069886445999145,-3.149639844894409,0.969886445999145,explore,0,0,LiAl2O4
job_108_Ni_fe_-1.123_n4_generated_crystals_cif__gen_3,26,-2.1,-1.02267587184906,-1.051612377166748,1.07732412815094,explore,0,0,Li(NiO2)2
job_240_Cr_fe_-1.413_n4_generated_crystals_cif__gen_0,26,-2.1,-2.1822996139526367,-2.1912271976470947,0.0822996139526366,explore,0,0,LiCr2O4
job_033_Co_fe_-1.353_n4_generated_crystals_cif__gen_2,26,-2.1,-1.4464161396026611,-1.4434622526168823,0.653583860397339,explore,0,0,Li(CoO2)2
job_124_Ni_fe_-0.888_n4_generated_crystals_cif__gen_3,26,-2.1,-0.9411077499389648,-1.0503320693969729,1.1588922500610352,explore,0,0,Li(NiO2)2
job_210_Co_fe_-1.389_n4_generated_crystals_cif__gen_1,26,-2.1,-1.4427751302719116,-1.461716651916504,0.6572248697280885,explore,0,0,Li(CoO2)2
job_186_Ti_fe_-0.814_n4_generated_crystals_cif__gen_2,26,-2.1,-3.214797019958496,-3.2026076316833496,1.114797019958496,explore,0,0,LiTi2O4
job_168_Co_fe_-1.301_n4_generated_crystals_cif__gen_3,26,-2.1,-1.386297583580017,-1.4167627096176147,0.713702416419983,explore,0,0,Li(CoO2)2
job_161_Co_fe_-0.850_n4_generated_crystals_cif__gen_0,26,-2.1,-1.4188469648361206,-1.4286627769470217,0.6811530351638795,explore,0,0,Li(CoO2)2
job_091_Ni_fe_-1.314_n4_generated_crystals_cif__gen_1,27,-2.1,-1.0053538084030151,-1.053576946258545,1.094646191596985,explore,0,0,Li(NiO2)2
job_211_Ti_fe_-1.424_n4_generated_crystals_cif__gen_3,27,-2.1,-3.2433629035949707,-3.170560121536255,1.1433629035949706,explore,0,0,LiTi2O4
job_088_Cr_fe_-1.127_n4_generated_crystals_cif__gen_1,27,-2.1,-2.1924703121185303,-2.198474645614624,0.0924703121185301,explore,0,0,LiCr2O4
job_135_Co_fe_-0.851_n4_generated_crystals_cif__gen_2,27,-2.1,-1.4584931135177612,-1.4554414749145508,0.6415068864822389,explore,0,0,Li(CoO2)2
job_009_Ti_fe_-1.009_n4_generated_crystals_cif__gen_3,27,-2.1,-3.0776143074035645,-3.144485712051392,0.9776143074035644,explore,0,0,LiTi2O4
job_080_Mn_fe_-1.081_n4_generated_crystals_cif__gen_2,27,-2.1,-2.002686023712158,-2.017192840576172,0.0973139762878418,explore,0,0,LiMn2O4
job_151_Al_fe_-1.416_n4_generated_crystals_cif__gen_0,27,-2.1,-3.151160717010498,-3.161771535873413,1.051160717010498,explore,0,0,LiAl2O4
job_111_Ni_fe_-0.951_n4_generated_crystals_cif__gen_0,27,-2.1,-0.9452288150787354,-1.0662175416946411,1.1547711849212647,explore,0,0,Li(NiO2)2
job_183_Ti_fe_-1.203_n4_generated_crystals_cif__gen_3,27,-2.1,-3.1956233978271484,-3.170330762863159,1.0956233978271483,explore,0,0,LiTi2O4
job_198_Ni_fe_-1.023_n4_generated_crystals_cif__gen_0,27,-2.1,-0.9682599306106568,-1.0517443418502808,1.1317400693893434,explore,0,0,Li(NiO2)2
job_016_Cr_fe_-1.264_n4_generated_crystals_cif__gen_2,27,-2.1,-2.2101504802703857,-2.22020959854126,0.1101504802703856,explore,0,0,LiCr2O4
job_055_Al_fe_-1.247_n4_generated_crystals_cif__gen_2,27,-2.1,-3.1342897415161133,-3.1589367389678955,1.0342897415161132,explore,0,0,LiAl2O4
job_099_Ni_fe_-1.343_n4_generated_crystals_cif__gen_0,27,-2.1,-0.9778707027435304,-0.9883785247802734,1.1221292972564698,explore,0,0,Li(NiO2)2
job_107_Co_fe_-1.032_n4_generated_crystals_cif__gen_2,27,-2.1,-1.4764193296432495,-1.5088258981704712,0.6235806703567506,explore,0,0,Li(CoO2)2
job_096_Al_fe_-0.803_n4_generated_crystals_cif__gen_3,27,-2.1,-3.113877534866333,-3.053614854812622,1.013877534866333,explore,0,0,LiAl2O4
job_135_Co_fe_-0.851_n4_generated_crystals_cif__gen_3,27,-2.1,-1.45115065574646,-1.4249773025512695,0.6488493442535401,explore,0,0,Li(CoO2)2
job_108_Ni_fe_-1.123_n4_generated_crystals_cif__gen_0,28,-2.1,-0.939905881881714,-1.0719245672225952,1.1600941181182862,explore,0,0,Li(NiO2)2
job_150_Ti_fe_-0.897_n4_generated_crystals_cif__gen_1,28,-2.1,-3.249702453613281,-3.166491746902466,1.1497024536132807,explore,0,0,LiTi2O4
job_082_Co_fe_-0.885_n4_generated_crystals_cif__gen_0,28,-2.1,-1.4691106081008911,-1.4394774436950684,0.630889391899109,explore,0,0,Li(CoO2)2
job_182_Cr_fe_-1.464_n4_generated_crystals_cif__gen_1,28,-2.1,-2.215614557266236,-2.244051933288574,0.1156145572662357,explore,0,0,LiCr2O4
job_070_Ni_fe_-1.182_n4_generated_crystals_cif__gen_1,28,-2.1,-1.0241186618804932,-1.0509977340698242,1.075881338119507,explore,0,0,Li(NiO2)2
job_049_Al_fe_-1.223_n4_generated_crystals_cif__gen_3,28,-2.1,-3.0957894325256348,-3.159355401992798,0.9957894325256348,explore,0,0,LiAl2O4
job_245_Al_fe_-1.035_n4_generated_crystals_cif__gen_0,28,-2.1,-3.1563880443573,-3.115439176559448,1.0563880443572995,explore,0,0,LiAl2O4
job_235_Ti_fe_-0.842_n4_generated_crystals_cif__gen_1,28,-2.1,-3.211875438690185,-3.173351526260376,1.111875438690185,explore,0,0,LiTi2O4
job_089_Ni_fe_-1.410_n4_generated_crystals_cif__gen_1,28,-2.1,-0.9717050790786744,-1.060167908668518,1.1282949209213258,explore,0,0,Li(NiO2)2
job_015_Ni_fe_-1.349_n4_generated_crystals_cif__gen_1,28,-2.1,-0.9846186637878418,-1.04986572265625,1.1153813362121583,explore,0,0,Li(NiO2)2
job_074_Mn_fe_-0.891_n4_generated_crystals_cif__gen_3,28,-2.1,-2.0200233459472656,-2.013846635818481,0.0799766540527344,explore,0,0,LiMn2O4
job_210_Co_fe_-1.389_n4_generated_crystals_cif__gen_2,28,-2.1,-1.466976284980774,-1.4283642768859863,0.6330237150192262,explore,0,0,Li(CoO2)2
job_166_Ni_fe_-0.847_n4_generated_crystals_cif__gen_2,28,-2.1,-0.998287796974182,-1.0386276245117188,1.101712203025818,explore,0,0,Li(NiO2)2
job_124_Ni_fe_-0.888_n4_generated_crystals_cif__gen_1,28,-2.1,-0.9544860124588012,-1.038147211074829,1.1455139875411988,explore,0,0,Li(NiO2)2
job_015_Ni_fe_-1.349_n4_generated_crystals_cif__gen_0,28,-2.1,-1.0415699481964111,-1.0757691860198977,1.058430051803589,explore,0,0,Li(NiO2)2
job_189_Mg_fe_-1.493_n4_generated_crystals_cif__gen_1,28,-2.1,-2.1898415088653564,-2.177410125732422,0.0898415088653563,explore,1,1,LiMg2O4
job_156_Co_fe_-0.846_n4_generated_crystals_cif__gen_2,29,-2.1,-1.4604443311691284,-1.5027905702590942,0.6395556688308717,explore,0,0,Li(CoO2)2
job_222_Ti_fe_-0.813_n4_generated_crystals_cif__gen_3,29,-2.1,-3.1881232261657715,-3.177081823348999,1.0881232261657714,explore,0,0,LiTi2O4
job_046_Ni_fe_-0.861_n4_generated_crystals_cif__gen_2,29,-2.1,-0.9546042680740356,-1.0694735050201416,1.1453957319259644,explore,0,0,Li(NiO2)2
job_212_Cr_fe_-1.473_n4_generated_crystals_cif__gen_0,29,-2.1,-2.2090301513671875,-2.222521543502808,0.1090301513671874,explore,0,0,LiCr2O4
job_157_Ni_fe_-1.031_n4_generated_crystals_cif__gen_2,29,-2.1,-1.0545756816864014,-1.047560691833496,1.0454243183135987,explore,0,0,Li(NiO2)2
job_077_Ni_fe_-1.238_n4_generated_crystals_cif__gen_3,29,-2.1,-1.0149621963500977,-1.0573275089263916,1.0850378036499024,explore,0,0,Li(NiO2)2
job_010_Al_fe_-1.346_n4_generated_crystals_cif__gen_3,29,-2.1,-3.0904664993286133,-3.1556925773620605,0.9904664993286132,explore,0,0,LiAl2O4
job_045_Al_fe_-1.313_n4_generated_crystals_cif__gen_0,29,-2.1,-3.150806903839112,-3.163241386413574,1.0508069038391117,explore,0,0,LiAl2O4
job_103_Ti_fe_-1.058_n4_generated_crystals_cif__gen_2,29,-2.1,-3.254302263259888,-3.2274155616760254,1.154302263259888,explore,0,0,LiTi2O4
job_245_Al_fe_-1.035_n4_generated_crystals_cif__gen_2,29,-2.1,-3.1652872562408447,-3.161607027053833,1.0652872562408446,explore,0,0,LiAl2O4
job_175_Ni_fe_-1.315_n4_generated_crystals_cif__gen_1,29,-2.1,-0.9917094707489014,-1.0511988401412964,1.1082905292510987,explore,0,0,Li(NiO2)2
job_218_Ni_fe_-1.221_n4_generated_crystals_cif__gen_2,29,-2.1,-0.9236104488372804,-0.9798018932342528,1.1763895511627198,explore,0,0,Li(NiO2)2
job_084_Ni_fe_-1.459_n4_generated_crystals_cif__gen_3,29,-2.1,-1.029422402381897,-1.0500950813293457,1.0705775976181031,explore,0,0,Li(NiO2)2
job_185_Co_fe_-0.960_n4_generated_crystals_cif__gen_3,29,-2.1,-1.4809799194335938,-1.5024162530899048,0.6190200805664063,explore,0,0,Li(CoO2)2
job_031_Al_fe_-1.055_n4_generated_crystals_cif__gen_1,29,-2.1,-3.134356737136841,-3.118929386138916,1.0343567371368407,explore,0,0,LiAl2O4
job_070_Ni_fe_-1.182_n4_generated_crystals_cif__gen_2,29,-2.1,-0.9450647830963136,-1.0612940788269043,1.1549352169036866,explore,0,0,Li(NiO2)2
job_111_Ni_fe_-0.951_n4_generated_crystals_cif__gen_3,30,-2.1,-0.939416527748108,-1.0682172775268557,1.1605834722518922,explore,0,0,Li(NiO2)2
job_126_Cr_fe_-0.901_n4_generated_crystals_cif__gen_2,30,-2.1,-2.224754810333252,-2.234515428543091,0.1247548103332518,explore,0,0,LiCr2O4
job_034_Co_fe_-1.009_n4_generated_crystals_cif__gen_1,30,-2.1,-1.4898799657821655,-1.457131028175354,0.6101200342178346,explore,0,0,Li(CoO2)2
job_169_Al_fe_-0.916_n4_generated_crystals_cif__gen_2,30,-2.1,-3.1816282272338867,-3.1715238094329834,1.0816282272338866,explore,0,0,LiAl2O4
job_194_Ni_fe_-1.199_n4_generated_crystals_cif__gen_2,30,-2.1,-0.9463244676589966,-1.0326850414276123,1.1536755323410035,explore,0,0,Li(NiO2)2
job_089_Ni_fe_-1.410_n4_generated_crystals_cif__gen_0,30,-2.1,-1.0257186889648438,-1.0637495517730713,1.0742813110351563,explore,0,0,Li(NiO2)2
job_201_Cr_fe_-1.216_n4_generated_crystals_cif__gen_3,30,-2.1,-2.211186408996582,-2.206807374954224,0.1111864089965819,explore,0,0,LiCr2O4
job_051_Co_fe_-1.402_n4_generated_crystals_cif__gen_2,30,-2.1,-1.470462203025818,-1.476088285446167,0.629537796974182,explore,0,0,Li(CoO2)2
job_211_Ti_fe_-1.424_n4_generated_crystals_cif__gen_0,30,-2.1,-3.257174253463745,-3.217421293258667,1.157174253463745,explore,0,0,LiTi2O4
job_247_Ni_fe_-1.069_n4_generated_crystals_cif__gen_0,30,-2.1,-0.97893226146698,-1.0674479007720947,1.12106773853302,explore,0,0,Li(NiO2)2
job_075_Co_fe_-0.911_n4_generated_crystals_cif__gen_0,30,-2.1,-1.4741506576538086,-1.434516429901123,0.6258493423461915,explore,0,0,Li(CoO2)2
job_104_Ni_fe_-1.453_n4_generated_crystals_cif__gen_2,30,-2.1,-1.0125077962875366,-1.062983751296997,1.0874922037124637,explore,0,0,Li(NiO2)2
job_059_Ti_fe_-1.388_n4_generated_crystals_cif__gen_2,30,-2.1,-3.2054505348205566,-3.177144765853882,1.1054505348205566,explore,0,0,LiTi2O4
job_032_Co_fe_-1.386_n4_generated_crystals_cif__gen_3,30,-2.1,-1.4874186515808103,-1.5119526386260986,0.6125813484191898,explore,0,0,Li(CoO2)2
job_099_Ni_fe_-1.343_n4_generated_crystals_cif__gen_2,30,-2.1,-0.9639217853546144,-1.0705647468566897,1.1360782146453858,explore,0,0,Li(NiO2)2
job_198_Ni_fe_-1.023_n4_generated_crystals_cif__gen_3,30,-2.1,-1.0501197576522827,-1.0466629266738892,1.0498802423477174,explore,0,0,Li(NiO2)2
job_102_Ni_fe_-1.495_n4_generated_crystals_cif__gen_3,31,-2.1,-0.9509403705596924,-1.0729703903198242,1.1490596294403077,explore,0,0,Li(NiO2)2
job_199_Ti_fe_-1.428_n4_generated_crystals_cif__gen_2,31,-2.1,-3.1713786125183105,-3.195347547531128,1.0713786125183105,explore,0,0,LiTi2O4
job_075_Co_fe_-0.911_n4_generated_crystals_cif__gen_3,31,-2.1,-1.4836512804031372,-1.4301226139068604,0.6163487195968629,explore,0,0,Li(CoO2)2
job_220_Cr_fe_-1.305_n4_generated_crystals_cif__gen_1,31,-2.1,-2.2148444652557373,-2.181419849395752,0.1148444652557372,explore,0,0,LiCr2O4
job_015_Ni_fe_-1.349_n4_generated_crystals_cif__gen_2,31,-2.1,-1.012443780899048,-1.0664689540863037,1.087556219100952,explore,0,0,Li(NiO2)2
job_138_Ti_fe_-0.803_n4_generated_crystals_cif__gen_3,31,-2.1,-3.217106580734253,-3.1692347526550293,1.1171065807342528,explore,0,0,LiTi2O4
job_084_Ni_fe_-1.459_n4_generated_crystals_cif__gen_0,31,-2.1,-1.0592892169952393,-1.056497573852539,1.0407107830047608,explore,0,0,Li(NiO2)2
job_119_Ti_fe_-1.262_n4_generated_crystals_cif__gen_3,31,-2.1,-3.2861196994781494,-3.179781913757324,1.186119699478149,explore,0,0,LiTi2O4
job_070_Ni_fe_-1.182_n4_generated_crystals_cif__gen_3,31,-2.1,-0.9782829284667968,-1.07492196559906,1.1217170715332032,explore,0,0,Li(NiO2)2
job_095_Ni_fe_-1.001_n4_generated_crystals_cif__gen_3,31,-2.1,-0.9613072872161864,-1.0219249725341797,1.1386927127838136,explore,0,0,Li(NiO2)2
job_183_Ti_fe_-1.203_n4_generated_crystals_cif__gen_1,31,-2.1,-3.2621371746063232,-3.16682243347168,1.1621371746063232,explore,0,0,LiTi2O4
job_046_Ni_fe_-0.861_n4_generated_crystals_cif__gen_3,31,-2.1,-0.9973033666610718,-1.0609701871871948,1.1026966333389283,explore,0,0,Li(NiO2)2
job_026_Ti_fe_-1.451_n4_generated_crystals_cif__gen_3,31,-2.1,-3.196906805038452,-3.173259973526001,1.096906805038452,explore,0,0,LiTi2O4
job_187_Ni_fe_-0.981_n4_generated_crystals_cif__gen_1,31,-2.1,-0.9146910905838012,-0.9695405960083008,1.1853089094161988,explore,0,0,Li(NiO2)2
job_132_Ni_fe_-0.895_n4_generated_crystals_cif__gen_0,31,-2.1,-1.0247799158096311,-1.0583908557891846,1.075220084190369,explore,0,0,Li(NiO2)2
job_078_Ni_fe_-1.122_n4_generated_crystals_cif__gen_2,31,-2.1,-0.9269310235977172,-1.0160249471664429,1.1730689764022828,explore,0,0,Li(NiO2)2
job_077_Ni_fe_-1.238_n4_generated_crystals_cif__gen_0,32,-2.1,-0.8784334659576416,-0.9772711992263794,1.2215665340423585,explore,0,0,Li(NiO2)2
job_097_Ti_fe_-1.239_n4_generated_crystals_cif__gen_2,32,-2.1,-3.314339637756348,-3.1700239181518555,1.214339637756348,explore,0,0,LiTi2O4
job_027_Ti_fe_-1.340_n4_generated_crystals_cif__gen_3,32,-2.1,-3.312715530395508,-3.127559900283813,1.2127155303955075,explore,0,0,LiTi2O4
job_095_Ni_fe_-1.001_n4_generated_crystals_cif__gen_0,32,-2.1,-0.9717637300491332,-0.9382359385490416,1.1282362699508668,explore,0,0,Li(NiO2)2
job_219_Co_fe_-0.895_n4_generated_crystals_cif__gen_3,32,-2.1,-1.4930341243743896,-1.511105179786682,0.6069658756256104,explore,0,0,Li(CoO2)2
job_041_Ni_fe_-1.021_n4_generated_crystals_cif__gen_3,32,-2.1,-1.0645266771316528,-1.04009211063385,1.0354733228683473,explore,0,0,Li(NiO2)2
job_124_Ni_fe_-0.888_n4_generated_crystals_cif__gen_0,32,-2.1,-0.9546473026275636,-1.028308391571045,1.1453526973724366,explore,0,0,Li(NiO2)2
job_217_Ni_fe_-1.483_n4_generated_crystals_cif__gen_0,32,-2.1,-0.9886670112609864,-1.0718756914138794,1.1113329887390138,explore,0,0,Li(NiO2)2
job_121_Ni_fe_-1.367_n4_generated_crystals_cif__gen_0,32,-2.1,-1.0202724933624268,-1.0635491609573364,1.079727506637573,explore,0,0,Li(NiO2)2
job_157_Ni_fe_-1.031_n4_generated_crystals_cif__gen_0,32,-2.1,-0.8972756862640381,-0.9739506840705872,1.202724313735962,explore,0,0,Li(NiO2)2
job_165_Ni_fe_-1.146_n4_generated_crystals_cif__gen_2,32,-2.1,-0.9746114015579224,-1.0306735038757324,1.1253885984420775,explore,0,0,Li(NiO2)2
job_123_Ni_fe_-1.305_n4_generated_crystals_cif__gen_2,32,-2.1,-0.8893147706985474,-0.963112771511078,1.2106852293014527,explore,0,0,Li(NiO2)2
job_077_Ni_fe_-1.238_n4_generated_crystals_cif__gen_1,32,-2.1,-1.0469684600830078,-1.0636080503463743,1.0530315399169925,explore,0,0,Li(NiO2)2
job_095_Ni_fe_-1.001_n4_generated_crystals_cif__gen_1,32,-2.1,-0.9848861694335938,-1.0402337312698364,1.1151138305664063,explore,0,0,Li(NiO2)2
job_132_Ni_fe_-0.895_n4_generated_crystals_cif__gen_1,32,-2.1,-0.9207684993743896,-1.0019932985305786,1.1792315006256104,explore,0,0,Li(NiO2)2
job_093_Ni_fe_-0.850_n4_generated_crystals_cif__gen_1,32,-2.1,-1.0042904615402222,-1.072307825088501,1.095709538459778,explore,0,0,Li(NiO2)2
job_177_Ni_fe_-1.309_n4_generated_crystals_cif__gen_2,33,-2.1,-1.028109431266785,-1.0617724657058716,1.0718905687332152,explore,0,0,Li(NiO2)2
job_103_Ti_fe_-1.058_n4_generated_crystals_cif__gen_3,33,-2.1,-3.2881674766540527,-3.122195243835449,1.1881674766540526,explore,0,0,LiTi2O4
job_089_Ni_fe_-1.410_n4_generated_crystals_cif__gen_3,33,-2.1,-0.9102436304092408,-0.9813941717147828,1.1897563695907594,explore,0,0,Li(NiO2)2
job_100_Co_fe_-1.485_n4_generated_crystals_cif__gen_2,33,-2.1,-1.471328854560852,-1.5128765106201172,0.628671145439148,explore,0,0,Li(CoO2)2
job_242_Ti_fe_-1.214_n4_generated_crystals_cif__gen_1,33,-2.1,-3.309736967086792,-3.172513723373413,1.209736967086792,explore,0,0,LiTi2O4
job_104_Ni_fe_-1.453_n4_generated_crystals_cif__gen_0,33,-2.1,-0.9981563091278076,-1.0721954107284546,1.1018436908721925,explore,0,0,Li(NiO2)2
job_123_Ni_fe_-1.305_n4_generated_crystals_cif__gen_0,33,-2.1,-0.9663072824478148,-0.953837513923645,1.1336927175521851,explore,0,0,Li(NiO2)2
job_038_Ni_fe_-1.176_n4_generated_crystals_cif__gen_0,33,-2.1,-1.0597398281097412,-1.0522937774658203,1.0402601718902589,explore,0,0,Li(NiO2)2
job_175_Ni_fe_-1.315_n4_generated_crystals_cif__gen_2,33,-2.1,-0.9789155721664428,-0.9782036542892456,1.1210844278335572,explore,0,0,Li(NiO2)2
job_177_Ni_fe_-1.309_n4_generated_crystals_cif__gen_1,33,-2.1,-0.8822041749954224,-0.9759045243263244,1.2177958250045775,explore,0,0,Li(NiO2)2
job_123_Ni_fe_-1.305_n4_generated_crystals_cif__gen_3,33,-2.1,-1.0184389352798462,-1.031505107879639,1.081561064720154,explore,0,0,Li(NiO2)2
job_187_Ni_fe_-0.981_n4_generated_crystals_cif__gen_3,33,-2.1,-0.8938647508621216,-0.8788166642189026,1.2061352491378785,explore,0,0,Li(NiO2)2
job_228_Ti_fe_-0.950_n4_generated_crystals_cif__gen_0,33,-2.1,-3.295064926147461,-3.170816898345948,1.1950649261474608,explore,0,0,LiTi2O4
job_218_Ni_fe_-1.221_n4_generated_crystals_cif__gen_1,33,-2.1,-0.9011422395706176,-0.9765410423278807,1.1988577604293824,explore,0,0,Li(NiO2)2
job_166_Ni_fe_-0.847_n4_generated_crystals_cif__gen_1,33,-2.1,-1.007374286651611,-1.0404415130615234,1.092625713348389,explore,0,0,Li(NiO2)2
job_217_Ni_fe_-1.483_n4_generated_crystals_cif__gen_2,33,-2.1,-0.9036930799484252,-0.9711276292800904,1.1963069200515748,explore,0,0,Li(NiO2)2
job_028_Co_fe_-0.810_n4_generated_crystals_cif__gen_0,34,-2.1,-1.5596089363098145,-1.4401788711547852,0.5403910636901856,explore,0,0,Li(CoO2)2
job_035_Ti_fe_-1.046_n4_generated_crystals_cif__gen_2,34,-2.1,-3.442510843276977,-3.215780019760132,1.342510843276977,explore,0,0,LiTi2O4
job_166_Ni_fe_-0.847_n4_generated_crystals_cif__gen_0,34,-2.1,-1.0478177070617676,-0.9668550491333008,1.0521822929382325,explore,0,0,Li(NiO2)2
job_078_Ni_fe_-1.122_n4_generated_crystals_cif__gen_0,34,-2.1,-0.9985349178314208,-0.9988322257995604,1.1014650821685792,explore,0,0,Li(NiO2)2
job_150_Ti_fe_-0.897_n4_generated_crystals_cif__gen_3,34,-2.1,-3.448997974395752,-3.2254765033721924,1.348997974395752,explore,0,0,LiTi2O4
job_102_Ni_fe_-1.495_n4_generated_crystals_cif__gen_2,34,-2.1,-1.1606488227844238,-1.052438497543335,0.9393511772155764,explore,0,0,Li(NiO2)2
job_099_Ni_fe_-1.343_n4_generated_crystals_cif__gen_1,34,-2.1,-1.1022125482559204,-1.0385584831237793,0.9977874517440796,explore,0,0,Li(NiO2)2
job_218_Ni_fe_-1.221_n4_generated_crystals_cif__gen_3,34,-2.1,-0.8971335887908936,-0.9321960210800172,1.2028664112091063,explore,0,0,Li(NiO2)2
job_109_Ti_fe_-0.845_n4_generated_crystals_cif__gen_3,34,-2.1,-3.4548158645629883,-3.1927490234375,1.3548158645629882,explore,0,0,LiTi2O4
job_089_Ni_fe_-1.410_n4_generated_crystals_cif__gen_2,34,-2.1,-0.9582570791244508,-0.8430165648460388,1.1417429208755494,explore,0,0,Li(NiO2)2
job_002_Ni_fe_-1.402_n4_generated_crystals_cif__gen_3,34,-2.1,-1.1365458965301514,-1.0625159740447998,0.9634541034698488,explore,0,0,Li(NiO2)2
job_046_Ni_fe_-0.861_n4_generated_crystals_cif__gen_0,34,-2.1,-1.010233759880066,-0.9966152906417848,1.0897662401199342,explore,0,0,Li(NiO2)2
job_000_Ti_fe_-1.422_n4_generated_crystals_cif__gen_0,34,-2.1,-3.4011638164520264,-3.170725584030152,1.3011638164520265,explore,0,0,LiTi2O4
job_247_Ni_fe_-1.069_n4_generated_crystals_cif__gen_1,34,-2.1,-1.1251236200332642,-1.0687259435653689,0.974876379966736,explore,0,0,Li(NiO2)2
job_165_Ni_fe_-1.146_n4_generated_crystals_cif__gen_3,34,-2.1,-1.004541039466858,-1.009853720664978,1.0954589605331422,explore,0,0,Li(NiO2)2
job_015_Ni_fe_-1.349_n4_generated_crystals_cif__gen_3,34,-2.1,-1.095178246498108,-1.0284245014190674,1.0048217535018922,explore,0,0,Li(NiO2)2
job_180_Ti_fe_-0.903_n4_generated_crystals_cif__gen_2,35,-2.1,-3.314805030822754,-3.195331573486328,1.2148050308227538,explore,0,0,LiTi2O4
job_198_Ni_fe_-1.023_n4_generated_crystals_cif__gen_2,35,-2.1,-0.980852484703064,-0.9974856376647948,1.119147515296936,explore,0,0,Li(NiO2)2
job_053_Co_fe_-0.977_n4_generated_crystals_cif__gen_3,35,-2.1,-1.4916534423828125,-1.5029304027557373,0.6083465576171876,explore,0,0,Li(CoO2)2
job_038_Ni_fe_-1.176_n4_generated_crystals_cif__gen_3,35,-2.1,-1.0612154006958008,-1.052220582962036,1.0387845993041993,explore,0,0,Li(NiO2)2
job_041_Ni_fe_-1.021_n4_generated_crystals_cif__gen_0,35,-2.1,-1.0865858793258667,-1.0630372762680054,1.0134141206741334,explore,0,0,Li(NiO2)2
job_235_Ti_fe_-0.842_n4_generated_crystals_cif__gen_2,35,-2.1,-3.2474701404571533,-3.165377616882324,1.1474701404571532,explore,0,0,LiTi2O4
job_103_Ti_fe_-1.058_n4_generated_crystals_cif__gen_0,35,-2.1,-3.260254383087158,-3.1223461627960205,1.160254383087158,explore,0,0,LiTi2O4
job_247_Ni_fe_-1.069_n4_generated_crystals_cif__gen_2,35,-2.1,-0.9988967180252076,-0.9956089854240416,1.1011032819747926,explore,0,0,Li(NiO2)2
job_103_Ti_fe_-1.058_n4_generated_crystals_cif__gen_1,35,-2.1,-3.3013453483581543,-3.1783907413482666,1.2013453483581542,explore,0,0,LiTi2O4
job_166_Ni_fe_-0.847_n4_generated_crystals_cif__gen_3,35,-2.1,-0.9753247499465942,-1.0118584632873535,1.124675250053406,explore,0,0,Li(NiO2)2
job_194_Ni_fe_-1.199_n4_generated_crystals_cif__gen_0,35,-2.1,-1.045583724975586,-1.0337648391723633,1.0544162750244142,explore,0,0,Li(NiO2)2
job_123_Ni_fe_-1.305_n4_generated_crystals_cif__gen_1,35,-2.1,-0.9676371812820436,-0.929029107093811,1.1323628187179566,explore,0,0,Li(NiO2)2
job_183_Ti_fe_-1.203_n4_generated_crystals_cif__gen_0,35,-2.1,-3.283266067504883,-3.196150064468384,1.1832660675048827,explore,0,0,LiTi2O4
job_211_Ti_fe_-1.424_n4_generated_crystals_cif__gen_1,35,-2.1,-3.3215789794921875,-3.172254800796509,1.2215789794921874,explore,0,0,LiTi2O4
job_170_Ti_fe_-1.288_n4_generated_crystals_cif__gen_3,35,-2.1,-3.308289766311645,-3.183655023574829,1.208289766311645,explore,0,0,LiTi2O4
job_157_Ni_fe_-1.031_n4_generated_crystals_cif__gen_1,35,-2.1,-0.9913630485534668,-0.951586127281189,1.1086369514465333,explore,0,0,Li(NiO2)2
job_035_Ti_fe_-1.046_n4_generated_crystals_cif__gen_1,36,-2.1,-3.2523083686828613,-3.198765516281128,1.1523083686828612,explore,0,0,LiTi2O4
job_165_Ni_fe_-1.146_n4_generated_crystals_cif__gen_0,36,-2.1,-0.9875873327255248,-1.0661312341690063,1.1124126672744752,explore,0,0,Li(NiO2)2
job_050_Ti_fe_-1.179_n4_generated_crystals_cif__gen_3,36,-2.1,-3.25643253326416,-3.2049505710601807,1.15643253326416,explore,0,0,LiTi2O4
job_235_Ti_fe_-0.842_n4_generated_crystals_cif__gen_3,36,-2.1,-3.1449074745178223,-3.168898582458496,1.0449074745178222,explore,0,0,LiTi2O4
job_222_Ti_fe_-0.813_n4_generated_crystals_cif__gen_1,36,-2.1,-3.202555894851685,-3.1792142391204834,1.102555894851685,explore,0,0,LiTi2O4
job_009_Ti_fe_-1.009_n4_generated_crystals_cif__gen_1,36,-2.1,-3.214917659759521,-3.1638171672821045,1.114917659759521,explore,0,0,LiTi2O4
job_001_Ti_fe_-1.307_n4_generated_crystals_cif__gen_1,36,-2.1,-3.216664552688598,-3.186828136444092,1.116664552688598,explore,0,0,LiTi2O4
job_206_Ti_fe_-0.853_n4_generated_crystals_cif__gen_0,36,-2.1,-3.149430990219116,-3.133388996124268,1.049430990219116,explore,0,0,LiTi2O4
job_191_Ti_fe_-0.867_n4_generated_crystals_cif__gen_3,36,-2.1,-3.247331380844116,-3.222399473190308,1.147331380844116,explore,0,0,LiTi2O4
job_209_Ti_fe_-0.932_n4_generated_crystals_cif__gen_1,36,-2.1,-3.208421230316162,-3.172770738601685,1.108421230316162,explore,0,0,LiTi2O4
job_109_Ti_fe_-0.845_n4_generated_crystals_cif__gen_2,36,-2.1,-3.224426746368408,-3.14417576789856,1.124426746368408,explore,0,0,LiTi2O4
job_056_Ni_fe_-1.143_n4_generated_crystals_cif__gen_3,36,-2.1,-0.9632117748260498,-0.9739118814468384,1.1367882251739505,explore,0,0,Li(NiO2)2
job_060_Ti_fe_-1.204_n4_generated_crystals_cif__gen_3,36,-2.1,-3.2037575244903564,-3.218674898147583,1.1037575244903564,explore,0,0,LiTi2O4
job_238_Ti_fe_-0.855_n4_generated_crystals_cif__gen_0,36,-2.1,-3.2318639755249023,-3.238698720932007,1.1318639755249025,explore,0,0,LiTi2O4
job_097_Ti_fe_-1.239_n4_generated_crystals_cif__gen_0,36,-2.1,-3.224740743637085,-3.185593843460083,1.1247407436370849,explore,0,0,LiTi2O4
job_174_Ti_fe_-1.427_n4_generated_crystals_cif__gen_1,36,-2.1,-3.1936655044555664,-3.218780755996704,1.0936655044555663,explore,0,0,LiTi2O4
job_186_Ti_fe_-0.814_n4_generated_crystals_cif__gen_1,37,-2.1,-3.3009276390075684,-3.222185611724853,1.2009276390075685,explore,0,0,LiTi2O4
job_108_Ni_fe_-1.123_n4_generated_crystals_cif__gen_2,37,-2.1,-1.0222618579864502,-1.018135905265808,1.07773814201355,explore,0,0,Li(NiO2)2
job_199_Ti_fe_-1.428_n4_generated_crystals_cif__gen_1,37,-2.1,-3.267634868621826,-3.2022905349731445,1.167634868621826,explore,0,0,LiTi2O4
job_041_Ni_fe_-1.021_n4_generated_crystals_cif__gen_1,37,-2.1,-1.0730271339416504,-1.024953842163086,1.0269728660583497,explore,0,0,Li(NiO2)2
job_038_Ni_fe_-1.176_n4_generated_crystals_cif__gen_2,37,-2.1,-0.9828051328659058,-0.8666164875030518,1.1171948671340943,explore,0,0,Li(NiO2)2
job_187_Ni_fe_-0.981_n4_generated_crystals_cif__gen_2,37,-2.1,-1.004704475402832,-0.967257559299469,1.095295524597168,explore,0,0,Li(NiO2)2
job_191_Ti_fe_-0.867_n4_generated_crystals_cif__gen_1,37,-2.1,-3.276715040206909,-3.196074724197388,1.176715040206909,explore,0,0,LiTi2O4
job_221_Ti_fe_-1.143_n4_generated_crystals_cif__gen_0,37,-2.1,-3.308912754058838,-3.210970163345337,1.2089127540588378,explore,0,0,LiTi2O4
job_050_Ti_fe_-1.179_n4_generated_crystals_cif__gen_1,37,-2.1,-3.2571349143981934,-3.1777703762054443,1.1571349143981933,explore,0,0,LiTi2O4
job_174_Ti_fe_-1.427_n4_generated_crystals_cif__gen_0,37,-2.1,-3.294065475463867,-3.2186081409454346,1.194065475463867,explore,0,0,LiTi2O4
job_117_Ti_fe_-0.811_n4_generated_crystals_cif__gen_2,37,-2.1,-3.305807113647461,-3.223210573196411,1.2058071136474608,explore,0,0,LiTi2O4
job_217_Ni_fe_-1.483_n4_generated_crystals_cif__gen_3,37,-2.1,-1.0690221786499023,-1.0270507335662842,1.0309778213500975,explore,0,0,Li(NiO2)2
job_160_Ti_fe_-1.290_n4_generated_crystals_cif__gen_2,37,-2.1,-3.2910280227661133,-3.230051755905152,1.1910280227661132,explore,0,0,LiTi2O4
job_238_Ti_fe_-0.855_n4_generated_crystals_cif__gen_3,37,-2.1,-3.2985875606536865,-3.2075507640838623,1.1985875606536864,explore,0,0,LiTi2O4
job_160_Ti_fe_-1.290_n4_generated_crystals_cif__gen_3,37,-2.1,-3.264581680297852,-3.1702780723571777,1.164581680297852,explore,0,0,LiTi2O4
job_050_Ti_fe_-1.179_n4_generated_crystals_cif__gen_2,37,-2.1,-3.303065061569214,-3.2207911014556885,1.2030650615692138,explore,0,0,LiTi2O4
job_180_Ti_fe_-0.903_n4_generated_crystals_cif__gen_3,38,-2.1,-3.241796970367432,-3.2196578979492188,1.141796970367432,explore,0,0,LiTi2O4
job_091_Ni_fe_-1.314_n4_generated_crystals_cif__gen_2,38,-2.1,-1.0271059274673462,-0.9849172234535216,1.072894072532654,explore,0,0,Li(NiO2)2
job_221_Ti_fe_-1.143_n4_generated_crystals_cif__gen_1,38,-2.1,-3.264355182647705,-3.2176730632781982,1.164355182647705,explore,0,0,LiTi2O4
job_000_Ti_fe_-1.422_n4_generated_crystals_cif__gen_3,38,-2.1,-3.268016815185547,-3.20703387260437,1.1680168151855468,explore,0,0,LiTi2O4
job_194_Ni_fe_-1.199_n4_generated_crystals_cif__gen_1,38,-2.1,-0.8839424848556519,-0.9629971981048584,1.2160575151443482,explore,0,0,Li(NiO2)2
job_174_Ti_fe_-1.427_n4_generated_crystals_cif__gen_2,38,-2.1,-3.213953018188477,-3.1716983318328857,1.113953018188477,explore,0,0,LiTi2O4
job_116_Ti_fe_-1.462_n4_generated_crystals_cif__gen_2,38,-2.1,-3.221199512481689,-3.1807634830474854,1.121199512481689,explore,0,0,LiTi2O4
job_211_Ti_fe_-1.424_n4_generated_crystals_cif__gen_2,38,-2.1,-3.245911359786988,-3.223515510559082,1.1459113597869877,explore,0,0,LiTi2O4
job_026_Ti_fe_-1.451_n4_generated_crystals_cif__gen_2,38,-2.1,-3.270200252532959,-3.208275079727173,1.170200252532959,explore,0,0,LiTi2O4
job_242_Ti_fe_-1.214_n4_generated_crystals_cif__gen_0,38,-2.1,-3.232555866241455,-3.160521984100342,1.132555866241455,explore,0,0,LiTi2O4
job_026_Ti_fe_-1.451_n4_generated_crystals_cif__gen_0,38,-2.1,-3.2631545066833496,-3.215111494064331,1.1631545066833495,explore,0,0,LiTi2O4
job_180_Ti_fe_-0.903_n4_generated_crystals_cif__gen_0,38,-2.1,-3.2194998264312744,-3.166663885116577,1.1194998264312743,explore,0,0,LiTi2O4
job_060_Ti_fe_-1.204_n4_generated_crystals_cif__gen_1,38,-2.1,-3.274931192398072,-3.19005823135376,1.1749311923980716,explore,0,0,LiTi2O4
job_050_Ti_fe_-1.179_n4_generated_crystals_cif__gen_0,38,-2.1,-3.221986532211304,-3.1821234226226807,1.121986532211304,explore,0,0,LiTi2O4
job_236_Ti_fe_-1.031_n4_generated_crystals_cif__gen_3,38,-2.1,-3.259333848953247,-3.213263750076294,1.159333848953247,explore,0,0,LiTi2O4
job_160_Ti_fe_-1.290_n4_generated_crystals_cif__gen_0,38,-2.1,-3.2523446083068848,-3.219585418701172,1.152344608306885,explore,0,0,LiTi2O4
job_138_Ti_fe_-0.803_n4_generated_crystals_cif__gen_2,39,-2.1,-3.2230749130249023,-3.2208988666534424,1.1230749130249025,explore,0,0,LiTi2O4
job_218_Ni_fe_-1.221_n4_generated_crystals_cif__gen_0,39,-2.1,-1.0069562196731567,-1.0031559467315674,1.0930437803268434,explore,0,0,Li(NiO2)2
job_052_Ti_fe_-1.107_n4_generated_crystals_cif__gen_3,39,-2.1,-3.23915696144104,-3.1930625438690186,1.13915696144104,explore,0,0,LiTi2O4
job_097_Ti_fe_-1.239_n4_generated_crystals_cif__gen_1,39,-2.1,-3.2664389610290527,-3.1939706802368164,1.1664389610290526,explore,0,0,LiTi2O4
job_238_Ti_fe_-0.855_n4_generated_crystals_cif__gen_1,39,-2.1,-3.217235565185547,-3.1493923664093018,1.1172355651855468,explore,0,0,LiTi2O4
job_117_Ti_fe_-0.811_n4_generated_crystals_cif__gen_1,39,-2.1,-3.253661632537842,-3.222450017929077,1.1536616325378417,explore,0,0,LiTi2O4
job_138_Ti_fe_-0.803_n4_generated_crystals_cif__gen_1,39,-2.1,-3.2552707195281982,-3.222485303878784,1.1552707195281982,explore,0,0,LiTi2O4
job_001_Ti_fe_-1.307_n4_generated_crystals_cif__gen_3,39,-2.1,-3.259566307067871,-3.079101085662842,1.159566307067871,explore,0,0,LiTi2O4
job_203_Ni_fe_-0.895_n4_generated_crystals_cif__gen_0,39,-2.1,-0.9915136098861694,-0.9779074788093568,1.1084863901138309,explore,0,0,Li(NiO2)2
job_206_Ti_fe_-0.853_n4_generated_crystals_cif__gen_1,39,-2.1,-3.2470502853393555,-3.2199926376342773,1.1470502853393554,explore,0,0,LiTi2O4
job_060_Ti_fe_-1.204_n4_generated_crystals_cif__gen_0,39,-2.1,-3.2447962760925293,-3.213284730911255,1.1447962760925292,explore,0,0,LiTi2O4
job_116_Ti_fe_-1.462_n4_generated_crystals_cif__gen_3,39,-2.1,-3.2314369678497314,-3.225926160812378,1.1314369678497314,explore,0,0,LiTi2O4
job_199_Ti_fe_-1.428_n4_generated_crystals_cif__gen_0,39,-2.1,-3.215052604675293,-3.163670063018799,1.1150526046752929,explore,0,0,LiTi2O4
job_235_Ti_fe_-0.842_n4_generated_crystals_cif__gen_0,39,-2.1,-3.211876630783081,-3.16929578781128,1.111876630783081,explore,0,0,LiTi2O4
job_186_Ti_fe_-0.814_n4_generated_crystals_cif__gen_0,39,-2.1,-3.2371373176574707,-3.218111991882324,1.1371373176574706,explore,0,0,LiTi2O4
job_027_Ti_fe_-1.340_n4_generated_crystals_cif__gen_0,39,-2.1,-3.251087188720703,-3.213128566741944,1.151087188720703,explore,0,0,LiTi2O4
job_242_Ti_fe_-1.214_n4_generated_crystals_cif__gen_2,40,-2.1,-3.244175672531128,-3.1991236209869385,1.1441756725311278,explore,0,0,LiTi2O4
job_236_Ti_fe_-1.031_n4_generated_crystals_cif__gen_1,40,-2.1,-3.2360408306121826,-3.218061923980713,1.1360408306121823,explore,0,0,LiTi2O4
job_221_Ti_fe_-1.143_n4_generated_crystals_cif__gen_3,40,-2.1,-3.2331559658050537,-3.220663547515869,1.1331559658050536,explore,0,0,LiTi2O4
job_040_Ti_fe_-1.018_n4_generated_crystals_cif__gen_1,40,-2.1,-3.235421657562256,-3.216468811035156,1.1354216575622558,explore,0,0,LiTi2O4
job_119_Ti_fe_-1.262_n4_generated_crystals_cif__gen_0,40,-2.1,-3.1993422508239746,-3.1663100719451904,1.0993422508239743,explore,0,0,LiTi2O4
job_150_Ti_fe_-0.897_n4_generated_crystals_cif__gen_0,40,-2.1,-3.228712797164917,-3.2228002548217773,1.128712797164917,explore,0,0,LiTi2O4
job_180_Ti_fe_-0.903_n4_generated_crystals_cif__gen_1,40,-2.1,-3.228269577026367,-3.188894510269165,1.128269577026367,explore,0,0,LiTi2O4
job_236_Ti_fe_-1.031_n4_generated_crystals_cif__gen_0,40,-2.1,-3.2440571784973145,-3.2098093032836914,1.1440571784973144,explore,0,0,LiTi2O4
job_209_Ti_fe_-0.932_n4_generated_crystals_cif__gen_0,40,-2.1,-3.230616331100464,-3.2299835681915283,1.1306163311004638,explore,0,0,LiTi2O4
job_001_Ti_fe_-1.307_n4_generated_crystals_cif__gen_2,40,-2.1,-3.234447240829468,-3.216064214706421,1.134447240829468,explore,0,0,LiTi2O4
job_071_Ti_fe_-0.887_n4_generated_crystals_cif__gen_3,40,-2.1,-3.2344613075256348,-3.2245068550109863,1.134461307525635,explore,0,0,LiTi2O4
job_109_Ti_fe_-0.845_n4_generated_crystals_cif__gen_0,40,-2.1,-3.2413954734802246,-3.209760427474976,1.1413954734802243,explore,0,0,LiTi2O4
job_119_Ti_fe_-1.262_n4_generated_crystals_cif__gen_1,40,-2.1,-3.2215023040771484,-3.220386028289795,1.1215023040771483,explore,0,0,LiTi2O4
job_001_Ti_fe_-1.307_n4_generated_crystals_cif__gen_0,40,-2.1,-3.2277066707611084,-3.1877970695495605,1.1277066707611083,explore,0,0,LiTi2O4
job_027_Ti_fe_-1.340_n4_generated_crystals_cif__gen_2,40,-2.1,-3.237806797027588,-3.208082675933838,1.1378067970275878,explore,0,0,LiTi2O4
job_052_Ti_fe_-1.107_n4_generated_crystals_cif__gen_0,40,-2.1,-3.2450194358825684,-3.191511869430542,1.1450194358825685,explore,0,0,LiTi2O4
