path,sha256,bytes
SourceData\v60_parameter_sensitivity_per_seed.csv,7cb5c23fcc281a8fa72494895a14b584e5baeb24d323d0b842de56992c28d955,37768
SourceData\v60_parameter_sensitivity_summary.csv,9e2c1c72791fa2c4db3c2ad386ab2e9bf2d6ac3feda0851ea560249943881a85,4716
SourceData\v60_parameter_sensitivity_seed_audit.csv,ba399274bf37a229505234248c8d16f194cb9c4ae6f53c8848010721171195c0,588
SourceData\v60_parameter_sensitivity_reproducibility_audit.csv,a7899d45efb9e939c8c94af74579452a8c8a3c06d052c70b5aa063dba4ed0f3e,5660
Figures\Figure7_v60_parameter_sensitivity.pdf,49a75decf8176ec71551f54d18c8bfde5c5d284215690fad3479308a3f28b001,82833
Figures\Figure7_v60_parameter_sensitivity.png,11802e7afe81a64878e64f06da0cda200e4a11ae60451102fcad826ed033256e,415318
Figures\Figure7_v60_parameter_sensitivity.svg,893e30d480d168ca52a9ffe1136b2d51828dbb3a0ee0d5698e809cfe5b0d3acd,152716
Figures\Figure7_v60_parameter_sensitivity.tiff,353bd52f44585a79698ade5ed74128016a019618389b4a03d1d24d41dc6f0219,34250570
Tables\generated\table_v60_parameter_sensitivity.tex,17379cddbd454d8222bea03ee20f42afa38a72bd537a88ff00a031ad6b8f3983,1314
Tables\generated\table_v60_parameter_sensitivity_si.tex,48aefdc31065053718f747cf0321416299905ab5054f02dc6ca9822c7ba81490,2234
