stage,config_id,seed,M0,G0,alpha,beta,gamma,mc_passes,AUTC,AUTC_160,recovery_at_80,recovery_at_160,recovery_at_240,recovery_at_320,correction_rounds,effective_replacements,sequence_sha256,runtime_seconds,run_config_sha256,run_metrics_sha256,summary_sha256,run_path
threshold,m0_0p75_g0_0p40,0,0.75,0.4,0.1,0.2,0.1,30,0.8035256410256411,0.3217948717948718,30,52,73,78,39,234,1ab8df01a12737c0eb94f06ef56ae0e4c27627f4d29d4a229ad8145e335c4d30,3461.7098286151886,510591e494551c4306e6d5e80c70b7fca78c300398db46d163bf5d7a2b86bc43,b7cd02528356c40cf1622bf201b79f3859437b6f8c8fe635d61bf2a3f925f7e1,147fcd52c0ce9951b689a70274f0c4b9ace060055425d12c9614d08c2afe4b5a,SourceData\GPUParameterSensitivityRaw\results\threshold\m0_0p75_g0_0p40\seed_0\attempt_1
threshold,m0_0p75_g0_0p40,1,0.75,0.4,0.1,0.2,0.1,30,0.780448717948718,0.3076923076923077,27,47,65,78,40,244,a6f66cb1f2375bc5d464dbcfcf626f824de42b402bc1148728f9daa0dcf21591,5987.127938747406,8299d0d1a709e7053bc8a052bbe1fb6df9cba2d172bf016946bcde56749f15b8,c7ea1b8ba17829922e2e5fe2432410c5df1a61f8b3a9d05cff11dd0d90d0e1a4,4e5f16730da8f35d0c0cac60e488227163981db626147cfbdbd1c801c269c8ee,SourceData\GPUParameterSensitivityRaw\results\threshold\m0_0p75_g0_0p40\seed_1\attempt_1
threshold,m0_0p75_g0_0p40,2,0.75,0.4,0.1,0.2,0.1,30,0.7939102564102564,0.2846153846153846,23,51,75,78,39,262,dc95dcb21d5ab5d7c368ae13d63393264c772cbb1af5840a7c173abe7c226ba1,5926.001311302185,b9b7e6b7f0c87dc69d011d47986e2a3b4b6d944c78a6602a5ed0f3a24ab1e88d,0b5000172ffb8cc14f5532353b40aff60ee24a81ed5de5d5e47ad12ac5b0f9ab,2cc1f3a72f4defb314ee0b08dda84097e06e8521d99d274d480c282122f5e517,SourceData\GPUParameterSensitivityRaw\results\threshold\m0_0p75_g0_0p40\seed_2\attempt_1
threshold,m0_0p75_g0_0p40,3,0.75,0.4,0.1,0.2,0.1,30,0.7987179487179488,0.3102564102564102,24,56,70,78,38,234,1ebd55488b84dd7919bfe10e1cc8b9836e25c69966ce5ab179021d07e168e1a1,5840.498112678528,3831c98276646fdd056d722015c61744875004cace297abb13e1e0dc24fca0da,6e8c0d67c81b5389fb5216bfedac1bf2e342cedd2f1244018c4ede5db50b8a78,39146eab74105df9ab60379ac59f8131bc6b8434eaeabf238571bf97927c7a78,SourceData\GPUParameterSensitivityRaw\results\threshold\m0_0p75_g0_0p40\seed_3\attempt_1
threshold,m0_0p75_g0_0p40,4,0.75,0.4,0.1,0.2,0.1,30,0.7871794871794872,0.2948717948717949,27,48,70,78,40,257,4576376d385717b2b64ecbc88a1e7f05e27ca703cdc7b47abc3caf5b31fa928f,5849.999645233154,0d7474067995badc8ca87938b40576f1b16a6e543364d04c78bf9f14d40a2a00,f60d71c4797e0616737f3fa9ca0ccf3a66a124924df756d9d60e4cf5d992b81a,317f47908f467634713ea2372752070d5f0f331b065418dd67073a65a5f903d8,SourceData\GPUParameterSensitivityRaw\results\threshold\m0_0p75_g0_0p40\seed_4\attempt_1
threshold,m0_0p75_g0_0p50,0,0.75,0.5,0.1,0.2,0.1,30,0.8035256410256411,0.3217948717948718,30,52,73,78,36,243,e32134bf8931a495d6a64aeb10acf2f234f3a18b461c080bf97dbb90ca8692fe,3913.8583111763,9b71357678a407127a58e10ddaf573f2d2f752f48887521923c0ce4f9806d88d,ce35c08cdd0603289959e045407b279b102c9ae0ccaa064d5a25d75e1d97d63b,ee1e6b62dc74315761ea4850f792b12609152c772c95a7598e89d112f957bfa0,SourceData\GPUParameterSensitivityRaw\results\threshold\m0_0p75_g0_0p50\seed_0\attempt_1
threshold,m0_0p75_g0_0p50,1,0.75,0.5,0.1,0.2,0.1,30,0.7801282051282051,0.3051282051282051,27,49,66,78,36,234,29125b2007dfd6fe3240f24a965eb750fd19b23596ad40f09de5d11dc1d9e6ef,5955.579582929611,39e9dfc80ad05f681c207094b2c0f94ca568865167d242c750e0b1aa3fdabdd5,62b1e754f59ed52dcc953f1059715ed528e2f2f9ade5ec9c4017c1d94dcc9ca1,e96a9f7372fac98838a5aeeaa2b4a9bd44399c78fd97c7cfdd49096240ca817a,SourceData\GPUParameterSensitivityRaw\results\threshold\m0_0p75_g0_0p50\seed_1\attempt_1
threshold,m0_0p75_g0_0p50,2,0.75,0.5,0.1,0.2,0.1,30,0.7849358974358974,0.3038461538461538,28,49,69,77,34,224,751853eb5b626555dc154b87719f814eb3b7170c7ce1f39a766555d9ef7e8bf7,5839.164928436279,33bddb12f05851f1a23ae05d17e921b8c1674a5d832dcbb8c4baf6a22127fb26,a3f463de85aa30764e8372c307f39b9b4b1cead439a5471c609a8ad174ed4ae9,176ed7aa6d8120a713481d81e672304bd844253b6d6a95ed3a19d8db6ee2c7ad,SourceData\GPUParameterSensitivityRaw\results\threshold\m0_0p75_g0_0p50\seed_2\attempt_1
threshold,m0_0p75_g0_0p50,3,0.75,0.5,0.1,0.2,0.1,30,0.7948717948717948,0.3051282051282051,24,55,70,78,34,224,a33a636de0fd96a975a388ef712e4324322920a0ac0b5221f9df98c3ba7afa7c,5868.4348084926605,ee5d045bc43752482bdb95372a775fcef286541cd675c8a742e3c31fc5b7b39d,fad495f0ed06db771101a6195e76a13d2a600ac2dd16b196ff762b61dbf370bf,76e2eca7517ff2b38ca6fd9752bd04c47f7fa5ebb6a64f0652b76e6e80fc691c,SourceData\GPUParameterSensitivityRaw\results\threshold\m0_0p75_g0_0p50\seed_3\attempt_1
threshold,m0_0p75_g0_0p50,4,0.75,0.5,0.1,0.2,0.1,30,0.7932692307692307,0.308974358974359,26,51,70,78,33,229,24c1ba5369a3326b7b37b5f7a16a207232fff16fa12070407397372df9dfdad2,5886.095441102982,314e937e3bad4273c77cf50534c2a08776a2a982c565f41af3109e4731feb6c8,8ce06e7d9ab356c7405aa09aa3ee702c57317dc7bf33ce0c1cadf02ab065c7d8,f241330b8528665c4d101bcb9d1577294d6abe1bc08a3bb11edb618c474b2ac6,SourceData\GPUParameterSensitivityRaw\results\threshold\m0_0p75_g0_0p50\seed_4\attempt_1
threshold,m0_0p75_g0_0p60,0,0.75,0.6,0.1,0.2,0.1,30,0.7977564102564103,0.3217948717948718,30,52,70,78,32,226,67ecc05e856af77803a51c057eca08572dc420a5af4e92a23d3bce5c8cf1f3d1,3929.963793516159,e3db861b8497f00f17667ae3eed08531f1057faf496dc6770026e291e3f7b2fe,2b32f5db1d01f9e450ce6f9cd12d6bc4b08362fb6c644e76aad07cdd876b40b4,a80ee6abdcea50a886e1d5e3d5313f5427b97dcd645f1dcf53d1ff3ea1c2231a,SourceData\GPUParameterSensitivityRaw\results\threshold\m0_0p75_g0_0p60\seed_0\attempt_1
threshold,m0_0p75_g0_0p60,1,0.75,0.6,0.1,0.2,0.1,30,0.783974358974359,0.2987179487179487,25,50,69,78,32,225,2218f72de67e09e2218d46c773781cc9a892707fc4418be4c273a0c5f30b6e74,5942.537625789642,109ff4c468c365b456531f3d263163368e2309f33f96fa211667be7a899541a3,abde24b73144e77f3dfe2793c790f7775e7aa96e84820fe7d9a183c832235be1,14cd6c7c09c7655971a2dcd1c4924e1f470ca4a95af85a34a8889579ca546988,SourceData\GPUParameterSensitivityRaw\results\threshold\m0_0p75_g0_0p60\seed_1\attempt_1
threshold,m0_0p75_g0_0p60,2,0.75,0.6,0.1,0.2,0.1,30,0.7907051282051282,0.2974358974358974,24,50,71,78,28,204,271422d6306c5c14c09f92976799bb7014f1b1a36645feeb5cbb557e3e9037fe,5797.199794054031,24c684d40a8fdb53ad0c2a65f636ce40163dddf6496d59404b8486844091ec9d,8d68049550f95a8bc48037da8310f0e5dc6ca8535f562f2a0143b2e29b7f016a,9e536a4ab3fa5eacfb857b6cb0c641e414fd09bf37d42bd949fd22421983b032,SourceData\GPUParameterSensitivityRaw\results\threshold\m0_0p75_g0_0p60\seed_2\attempt_1
threshold,m0_0p75_g0_0p60,3,0.75,0.6,0.1,0.2,0.1,30,0.7852564102564102,0.2923076923076923,26,48,70,78,30,219,90c5286f49d1527aff49864603918642097db01d062af87f2c3c721f579ae606,5925.369888305664,74ffd66c35219313ef1f88b765748bcb09704ee9a3847e89de0c6c7e8b164c91,60fb304fbeab27344d963deb7675d25f305c0d156d3b7865ff174604722f88de,bab4dbf5fef5e97a73788fc369963950e8069d761d12bd68220c37847832afd7,SourceData\GPUParameterSensitivityRaw\results\threshold\m0_0p75_g0_0p60\seed_3\attempt_1
threshold,m0_0p75_g0_0p60,4,0.75,0.6,0.1,0.2,0.1,30,0.7919871794871794,0.308974358974359,26,51,71,78,33,234,a8056dff6e611a27f984abcd587ad5dd19a1ef957e7cc47bf95e42fffdde56a9,5759.03015089035,3395b90c0d788f87bcdfc5a158a456a2df9a4982cedcb7bdcd2f664d933ad087,b45d7ce7e6ee6354781b8d65c0ba05136b6db603e49d3094b8e3259e4305b348,fc04eff4d6ac9b815848018e474d973b44f27f738fe89c8a8b2a7b8801233948,SourceData\GPUParameterSensitivityRaw\results\threshold\m0_0p75_g0_0p60\seed_4\attempt_1
threshold,m0_1p00_g0_0p40,0,1.0,0.4,0.1,0.2,0.1,30,0.8035256410256411,0.3217948717948718,30,52,73,78,40,251,c4fa3508eb88f9a0233ec8f291a67f124438ce888c08fd34ac32ccb178ca5415,3929.6797592639923,72b09d7296c0b8f73e65ecf38c66c13b11738ec6ce1644aa83a6d174530cee13,698745e91f3c59874d79f1f22a64f9708cb719001e5ae87d8c6ce23f891c1749,f65830bfd62059b42ae57fbafb1ec8c93557e790a96230bbc5377bd77a23802c,SourceData\GPUParameterSensitivityRaw\results\threshold\m0_1p00_g0_0p40\seed_0\attempt_1
threshold,m0_1p00_g0_0p40,1,1.0,0.4,0.1,0.2,0.1,30,0.780448717948718,0.3076923076923077,27,47,65,78,40,244,a6f66cb1f2375bc5d464dbcfcf626f824de42b402bc1148728f9daa0dcf21591,5989.815473794937,c5acb7eea78590c855ad7eb80e7faca78e978be575218916df03c6b97509c63d,aef1da3bd33683d06b598741f52b74c3300976156d2f8f1605e6c059f2cd37d3,63c411513ddb444798a6e49e8027130e2e06b095f73018819d1c52fd9aac7053,SourceData\GPUParameterSensitivityRaw\results\threshold\m0_1p00_g0_0p40\seed_1\attempt_1
threshold,m0_1p00_g0_0p40,2,1.0,0.4,0.1,0.2,0.1,30,0.7939102564102564,0.2846153846153846,23,51,75,78,39,262,dc95dcb21d5ab5d7c368ae13d63393264c772cbb1af5840a7c173abe7c226ba1,5967.412912130356,dcbd748cd119bf0e7e1a016adbf21bbd73a762047db07bb492d1d65e4eaba1c9,64e7e572f2b6b73db301cd54f1923130ea6276325858a3813a983fa234cefe3b,9eb8accb668854d9863dbccb3fff48bc95bfcea693f2faa4393b520f9d4ed40a,SourceData\GPUParameterSensitivityRaw\results\threshold\m0_1p00_g0_0p40\seed_2\attempt_1
threshold,m0_1p00_g0_0p40,3,1.0,0.4,0.1,0.2,0.1,30,0.7987179487179488,0.3102564102564102,24,56,70,78,38,234,1ebd55488b84dd7919bfe10e1cc8b9836e25c69966ce5ab179021d07e168e1a1,5909.498158693314,4d4e0d01389d41b66d5636f4e129eecca3c039f6b81ced702d9deba1baa8d905,6b2ca1941a87167ae434e0338d48cca39c61633b0a5fbb8832d4d83fbec6e80a,42a9154af89a59884d385388b3ed40565a398d5e331a4dc1e4b1c77ec8c4cb6a,SourceData\GPUParameterSensitivityRaw\results\threshold\m0_1p00_g0_0p40\seed_3\attempt_1
threshold,m0_1p00_g0_0p40,4,1.0,0.4,0.1,0.2,0.1,30,0.7871794871794872,0.2948717948717949,27,48,70,78,40,257,4576376d385717b2b64ecbc88a1e7f05e27ca703cdc7b47abc3caf5b31fa928f,5882.410906791687,9a190015e284f8015d8210720dfe08a283ac0823d529b2d4aa4b8b899b6dce39,8ea9d90304e202410175176cf0f374a12d80c7aaef71803c7275d73bcb09e7b8,957fa78f4824445a854388d0454e1c187b31480634374beb913f4fe6507a6cfe,SourceData\GPUParameterSensitivityRaw\results\threshold\m0_1p00_g0_0p40\seed_4\attempt_1
threshold,m0_1p00_g0_0p50,0,1.0,0.5,0.1,0.2,0.1,30,0.8035256410256411,0.3217948717948718,30,52,73,78,36,243,e32134bf8931a495d6a64aeb10acf2f234f3a18b461c080bf97dbb90ca8692fe,3863.2477881908417,fe4be5bd7476546f8be9fdbece57cdb9dd2391dde87f663d8a67a6168243d536,01657a41cf8d5c4aec05be59f904caf777edb0ee61442f4268ce78bde0aa7b0a,6ac892020a9b4f8e8e99564c249417aa0f1444d364b8e77d91e9213a435193bd,SourceData\GPUParameterSensitivityRaw\results\threshold\m0_1p00_g0_0p50\seed_0\attempt_1
threshold,m0_1p00_g0_0p50,1,1.0,0.5,0.1,0.2,0.1,30,0.7801282051282051,0.3051282051282051,27,49,66,78,36,234,29125b2007dfd6fe3240f24a965eb750fd19b23596ad40f09de5d11dc1d9e6ef,5887.908306121826,7e1bad85e583d6c0763efd426e5891d7e030d3e94aa1dd5298a5eaff0565d699,d38d04bdaf74e041c4dae00bb0ce80b98f2da51af5789e25499b8c774168e3c8,5c84c29e0fca35d92f42ad95cb5e6d638707f90cb9ba10b1e3b6ed8c89afd80a,SourceData\GPUParameterSensitivityRaw\results\threshold\m0_1p00_g0_0p50\seed_1\attempt_1
threshold,m0_1p00_g0_0p50,2,1.0,0.5,0.1,0.2,0.1,30,0.7849358974358974,0.3038461538461538,28,49,69,77,34,224,751853eb5b626555dc154b87719f814eb3b7170c7ce1f39a766555d9ef7e8bf7,5967.370673656464,38adea62e23279eb193907e921ee5b7c0b9f5239ca0fd1f043edfe71c4495f7c,00db81a797399ebce7bc5a30905153f8cd419136b25ca1f60ff7aed36f62680f,a884421a19beab699d88fed83876b2bf44ae6cf418f27ca18585eb9d9aa5e27f,SourceData\GPUParameterSensitivityRaw\results\threshold\m0_1p00_g0_0p50\seed_2\attempt_1
threshold,m0_1p00_g0_0p50,3,1.0,0.5,0.1,0.2,0.1,30,0.7948717948717948,0.3051282051282051,24,55,70,78,34,224,a33a636de0fd96a975a388ef712e4324322920a0ac0b5221f9df98c3ba7afa7c,5990.11451458931,1bd5e6607f199704d8fd0a25679dad6eaa0a27a2ba7c32f166f5565260ba79d2,da8eab26525d609529e5e861d2aea0171485a287c3062137d1bedb93410fb524,049afad261cf2647f2276d2c27f8607e39fe28d949f59866cdaff5a64760657f,SourceData\GPUParameterSensitivityRaw\results\threshold\m0_1p00_g0_0p50\seed_3\attempt_1
threshold,m0_1p00_g0_0p50,4,1.0,0.5,0.1,0.2,0.1,30,0.7932692307692307,0.308974358974359,26,51,70,78,34,229,00335e4f8324c3c420305da3c7a249a798514694d17c996ff75f835fef12462e,5901.109361886978,bc590014f5008cc91235b78cf26469f1159d4db560943179256a093b72d236ca,3f86ebf105bb5111de1ef120600ef4d1f15d9360d259df0824c660729d8fd534,6c18b2157fecacf409bdfae2f708d5db4340855ef69850db2ac70948b401257d,SourceData\GPUParameterSensitivityRaw\results\threshold\m0_1p00_g0_0p50\seed_4\attempt_1
threshold,m0_1p00_g0_0p60,0,1.0,0.6,0.1,0.2,0.1,30,0.7977564102564103,0.3217948717948718,30,52,70,78,32,226,67ecc05e856af77803a51c057eca08572dc420a5af4e92a23d3bce5c8cf1f3d1,3893.676988840103,a5bdf2e3d85163815fb6532e1ce5417db6db6f13e380fdbeb3cde91856f8c7c5,864bf90109a37de657068da7ad633015b9fe86660243b89f4e727af9580c106a,9e2573ce543aefa637f2a60b45dc0586adc429b925c4ad7e1b615c71d0be5a9e,SourceData\GPUParameterSensitivityRaw\results\threshold\m0_1p00_g0_0p60\seed_0\attempt_1
threshold,m0_1p00_g0_0p60,1,1.0,0.6,0.1,0.2,0.1,30,0.783974358974359,0.2987179487179487,25,50,69,78,32,225,2218f72de67e09e2218d46c773781cc9a892707fc4418be4c273a0c5f30b6e74,5760.823571205139,5290f1abc67037b68da6f7264c6f05200a145203efa45dc8efcf3b4cc3aa2380,b618781688cfe557b010aeecda67f2002e8d1fe9343d480e754adbdb4ffac783,2600d2415bc44ba0fa7ee67ef6bd63b42b249d8a306f5a03945df54b174024ec,SourceData\GPUParameterSensitivityRaw\results\threshold\m0_1p00_g0_0p60\seed_1\attempt_1
threshold,m0_1p00_g0_0p60,2,1.0,0.6,0.1,0.2,0.1,30,0.7907051282051282,0.2974358974358974,24,50,71,78,30,213,533ece0345532314255cd0a5bd17aa7e7f52d5459bb878373ac1a8d7ad8d85e9,5798.666658878326,5f2bb18e5989a0bcff0b6780ef69c9e6a8d814e406807914bdcc8a468bc36ed1,55e2e39f99161ee16b6cb95d94b5c6dfb29f0194ef41c85e2f7d6c136c6f97cc,1a5cec10fa4262a175df7873295ede92ec394b57f8ac23b9f196e1060c6bb3a6,SourceData\GPUParameterSensitivityRaw\results\threshold\m0_1p00_g0_0p60\seed_2\attempt_1
threshold,m0_1p00_g0_0p60,3,1.0,0.6,0.1,0.2,0.1,30,0.7852564102564102,0.2923076923076923,26,48,70,78,30,219,90c5286f49d1527aff49864603918642097db01d062af87f2c3c721f579ae606,5920.707092761993,6fd79a1a2d4693cdb3ec7e03367f7b3e566a55ae8a4f75cf8c3b90f9078d8518,b30faea95caa56de07a6d33292648470c3f5b9b8c7272fb43495d80adcd81e77,4881419498233716a55e176e79b9dd0ebb87717e2627f1a3b728b29103e1927f,SourceData\GPUParameterSensitivityRaw\results\threshold\m0_1p00_g0_0p60\seed_3\attempt_1
threshold,m0_1p00_g0_0p60,4,1.0,0.6,0.1,0.2,0.1,30,0.7919871794871794,0.308974358974359,26,51,71,78,33,234,a8056dff6e611a27f984abcd587ad5dd19a1ef957e7cc47bf95e42fffdde56a9,6066.998264789581,c974e9daaf897b8de49a0d27c9d7bf739d9b3c7fcee8b806ffdda1b0dfe76db3,0787ea853f118b5387aac9bff0ada836da20cec9629c1a1d1347610160ad3b51,405b871fbd1bcc451a41111d32c9aa30fd11367fea60a859c76cdb7f682e6504,SourceData\GPUParameterSensitivityRaw\results\threshold\m0_1p00_g0_0p60\seed_4\attempt_1
threshold,m0_1p25_g0_0p40,0,1.25,0.4,0.1,0.2,0.1,30,0.8035256410256411,0.3217948717948718,30,52,73,78,40,251,c4fa3508eb88f9a0233ec8f291a67f124438ce888c08fd34ac32ccb178ca5415,3877.7637877464294,b169844160e3bb26cc8b41464159bdfd11ab1184ada555bf8c79ca82b2495dc7,58ad0ef347c78c7bff7f10bead3356fc12d4cf04055f636a8438f8a02b810265,874fbe8a5b0d2618f65eb690530adc59fdba679cf6a3337af0d7284ff5eadc95,SourceData\GPUParameterSensitivityRaw\results\threshold\m0_1p25_g0_0p40\seed_0\attempt_1
threshold,m0_1p25_g0_0p40,1,1.25,0.4,0.1,0.2,0.1,30,0.780448717948718,0.3076923076923077,27,47,65,78,40,244,a6f66cb1f2375bc5d464dbcfcf626f824de42b402bc1148728f9daa0dcf21591,5863.762943983078,503c29299d4641535eb9638a4ed3bbe4a769f57cbda27c5daa40dc7226318216,6b9d2965c5b886a3d391ac25a3c3558d6cae326676d683786695ddcc930f8e5a,eb46b30bf30dfb185f6d1b1e43e17ff95f70cf476f5aa4b8c6f12ac8868cf9c4,SourceData\GPUParameterSensitivityRaw\results\threshold\m0_1p25_g0_0p40\seed_1\attempt_1
threshold,m0_1p25_g0_0p40,2,1.25,0.4,0.1,0.2,0.1,30,0.7939102564102564,0.2846153846153846,23,51,75,78,39,262,dc95dcb21d5ab5d7c368ae13d63393264c772cbb1af5840a7c173abe7c226ba1,5967.523841619492,26f0d12b02bce6f417f89bcfc6ce85b4aa32aaea048a8f9bf4f8fdc485c6e99f,b5232ecf56cf1be45a83f8a4b5eef8fbaf401ce631f23bdbd5b92b977c309c3a,3a1ce1b280a5d4b1d383dd72d1185a3ca82e725280e286046c59f7aa9a5b12e6,SourceData\GPUParameterSensitivityRaw\results\threshold\m0_1p25_g0_0p40\seed_2\attempt_1
threshold,m0_1p25_g0_0p40,3,1.25,0.4,0.1,0.2,0.1,30,0.7987179487179488,0.3102564102564102,24,56,70,78,38,234,1ebd55488b84dd7919bfe10e1cc8b9836e25c69966ce5ab179021d07e168e1a1,5825.75927901268,abeb7826b381b92ebeadbd10ff9185456a21527cf2548a60894fe978bcaa4e22,638b4ed4170969d516bc317098a508b245b22ef71b6ec844f793ba0d8019699d,25865358df419308a59218653db9f999c5df1440b697c7cfed5603fffe0c9f6a,SourceData\GPUParameterSensitivityRaw\results\threshold\m0_1p25_g0_0p40\seed_3\attempt_1
threshold,m0_1p25_g0_0p40,4,1.25,0.4,0.1,0.2,0.1,30,0.7871794871794872,0.2948717948717949,27,48,70,78,40,257,4576376d385717b2b64ecbc88a1e7f05e27ca703cdc7b47abc3caf5b31fa928f,5968.757617712021,86a6e6551452ee2c79ba4958bf5ca94931c182f34693a7e850e8f6d99446e993,25a55d51447bbfe18bb77e79294bb0122cba19a720650b5639a6e143b65dabc2,b6a4be0eabd40e9840a2b3aad11c43a15a65d24224591891168ad4caa7477f55,SourceData\GPUParameterSensitivityRaw\results\threshold\m0_1p25_g0_0p40\seed_4\attempt_1
threshold,m0_1p25_g0_0p50,0,1.25,0.5,0.1,0.2,0.1,30,0.8035256410256411,0.3217948717948718,30,52,73,78,36,243,e32134bf8931a495d6a64aeb10acf2f234f3a18b461c080bf97dbb90ca8692fe,3876.068601131439,1adff9effb2b2df40d238c2fc9c3edb8b091f7c86538386d0f2b069609cd25d8,b6010a232cb8618d942c655e71ff3fc7da470ade80603528a9dfa9f94f28a1b4,0cb1d476f3a2057eada8a601450bbf39a747b08f5d203dd7775b373a085d8d21,SourceData\GPUParameterSensitivityRaw\results\threshold\m0_1p25_g0_0p50\seed_0\attempt_1
threshold,m0_1p25_g0_0p50,1,1.25,0.5,0.1,0.2,0.1,30,0.7801282051282051,0.3051282051282051,27,49,66,78,36,234,29125b2007dfd6fe3240f24a965eb750fd19b23596ad40f09de5d11dc1d9e6ef,5921.387135744095,d0a85df098527b05b40ec7818b5d4ec8dacac7a444705bbd6c6331f987b9870a,52a76850e410100030671adaeddd65f1e4f18b4f2deb6c4418ccb169d2d3b0b9,6b95cf1b24cc2835f0b508fcd3364d8e8a82c1228e7fcceb2eb02ea551e787a4,SourceData\GPUParameterSensitivityRaw\results\threshold\m0_1p25_g0_0p50\seed_1\attempt_1
threshold,m0_1p25_g0_0p50,2,1.25,0.5,0.1,0.2,0.1,30,0.7849358974358974,0.3038461538461538,28,49,69,77,34,224,751853eb5b626555dc154b87719f814eb3b7170c7ce1f39a766555d9ef7e8bf7,5800.708094120026,007f8f48e12365fe83c6fdba396cfbc3b299c619416ca87dec2dfb17c9840d16,0f2294673be0b4881f30d1bf531ec9eb25ce8a2c1eeae02e170c96d779585bd1,7cd3a6630356b86b5eaf75f71857021eaed674b6ac6cc77125152b0f3b5c66d3,SourceData\GPUParameterSensitivityRaw\results\threshold\m0_1p25_g0_0p50\seed_2\attempt_1
threshold,m0_1p25_g0_0p50,3,1.25,0.5,0.1,0.2,0.1,30,0.7948717948717948,0.3051282051282051,24,55,70,78,36,233,9760e3b891be72d21bb9ab425e3eac85fd720e1c18cb28456a60388b2fab0407,5883.098991394043,3be177a3c34234f64a39dc65c225784c277177102cef1034c6c2b27b85a6bde9,69e0bb50fa61eec169517f4d5e2b44dd796528b39a19c57a0da50520493c4d3d,ebde74dfce42a3ba594402739874357fa900553bbf254315e1081728bd63a2b6,SourceData\GPUParameterSensitivityRaw\results\threshold\m0_1p25_g0_0p50\seed_3\attempt_1
threshold,m0_1p25_g0_0p50,4,1.25,0.5,0.1,0.2,0.1,30,0.7932692307692307,0.308974358974359,26,51,70,78,34,229,00335e4f8324c3c420305da3c7a249a798514694d17c996ff75f835fef12462e,5988.929272651672,f44438576b35a7715209e49a876aea21172a8232cb25aee4be77e228c417d3f9,8bea6412f8558cce0a60673c588fa0fffb25c38a43ca53e67e77dab8c8783b0d,45c52c41fd371bf5af88503bcefcbbc1cc344a116e02b03b62d55e3fe544ef9c,SourceData\GPUParameterSensitivityRaw\results\threshold\m0_1p25_g0_0p50\seed_4\attempt_1
threshold,m0_1p25_g0_0p60,0,1.25,0.6,0.1,0.2,0.1,30,0.7977564102564103,0.3217948717948718,30,52,70,78,33,224,71929c228a2a627bd617a87e493f724e28c52bcccedad56d5a6dcf5bc1ce5228,3931.49036359787,3857dcfcf578935258e6b5844ff77170ec055bdd6930ef1d8b9fc3500b53a083,2e398d4c34cbb6d5ff969cd4eca301f09912092e8e562196c5c830a41c582d47,1752f94eefae7b6b50e550fdda1d2b19f6b1936b04bdbdef9c300d47595efe68,SourceData\GPUParameterSensitivityRaw\results\threshold\m0_1p25_g0_0p60\seed_0\attempt_1
threshold,m0_1p25_g0_0p60,1,1.25,0.6,0.1,0.2,0.1,30,0.783974358974359,0.2987179487179487,25,50,69,78,32,225,2218f72de67e09e2218d46c773781cc9a892707fc4418be4c273a0c5f30b6e74,5966.687098503113,2443b343439c6c52e363555601d368c22a90918809ddfdf7dd3fe6bc0bbbf5aa,a6d00591176ddd26ffadd237244f5e53042045c949f90e3b2c4b034dea979cbc,f073f9c730a317eaa5fd27cdd0fcadb09df83e5904ceccbc386bfb7771ecabb6,SourceData\GPUParameterSensitivityRaw\results\threshold\m0_1p25_g0_0p60\seed_1\attempt_1
threshold,m0_1p25_g0_0p60,2,1.25,0.6,0.1,0.2,0.1,30,0.7907051282051282,0.2974358974358974,24,50,71,78,30,213,533ece0345532314255cd0a5bd17aa7e7f52d5459bb878373ac1a8d7ad8d85e9,5969.050027132034,23f0bc67b40fd56ef04d7be58fdfc0aff1836127192ce3e36e6beb4713144421,1a98d50c34dddc4c35b9dc47eb2bbcda964580e62e7da1cc406233c00e21622b,53bb5eb21926580c4104584e5bf9527d886c7bf11d36c29711bf8486f49639c2,SourceData\GPUParameterSensitivityRaw\results\threshold\m0_1p25_g0_0p60\seed_2\attempt_1
threshold,m0_1p25_g0_0p60,3,1.25,0.6,0.1,0.2,0.1,30,0.7852564102564102,0.2923076923076923,26,48,70,78,33,237,c219e62a52f4da09b347d5bb07fb96cedb73f0bc221f11c0bba4e26e39f2fac6,5861.003766298294,938d433b270b79b5fbe83a159485618bda84fcc0910ac1a6b342b6558c9a8dd0,c80a7bcba327fde832364fd86305851465ce985f4fae26aa74f557022730ab4a,e1eb21a091d6c38af0f4f8aa300a6a9fa362b4145369c5311d47f1f91f933c9c,SourceData\GPUParameterSensitivityRaw\results\threshold\m0_1p25_g0_0p60\seed_3\attempt_1
threshold,m0_1p25_g0_0p60,4,1.25,0.6,0.1,0.2,0.1,30,0.7919871794871794,0.308974358974359,26,51,71,78,34,233,0632f3d7d4aebd8fa976b72afd3abbc67f7eebbd8d3eddef287b2c1716bbda42,5730.890984535217,38521216f23ece0d9e0e978cef77178440f4436bbb84e310131ad27fe85ed950,7969a2eb2f1abb0cee2cdbb68be685f9756936543367aeef1cd93772c9a8cafd,7c8948669520df8d1d88c83f5cf1a9acd9584e0a84f40ad27164a50184306c7d,SourceData\GPUParameterSensitivityRaw\results\threshold\m0_1p25_g0_0p60\seed_4\attempt_1
weight,alpha_0p05,0,1.0,0.5,0.05,0.2,0.1,30,0.7907051282051282,0.2961538461538461,23,51,71,78,36,214,5cb35bee9c68a3ac49b99e1db3d92b308efb6071a61235e0f982e4ed1fd4277f,8855.889483213425,b640ea2b757fd0aa2e39cd39fce775dd225126dfa83d8e632294049d3a81b339,67c7f532fb28b0d63261553ff572ee42df575ae39b4bbd3ed26c0a9d156c1c51,3e746a215ad8f2d0518e6c09114b6752f1a1fc665b1c572238f709effea0e6bb,SourceData\GPUParameterSensitivityRaw\results\weight\alpha_0p05\seed_0\attempt_1
weight,alpha_0p05,1,1.0,0.5,0.05,0.2,0.1,30,0.7766025641025641,0.2679487179487179,23,44,69,78,37,216,30c79a4fa5d0d8a4fdbf5169d1b9466ef0e8811b631dccb811b5b12663b0eb84,8866.619991540909,a79b66cb7347c247c9524a561a8d8dabf159282e2f8dd4cec155640aacf7d3a6,1c70afda998f188d7e6519862b6213257cfd7fc8a2af94136db37fcab35c0692,5e50b5dd11687781cc922e8f6345a1195b0e4c77a57e28b7dd6b2338b767fe4a,SourceData\GPUParameterSensitivityRaw\results\weight\alpha_0p05\seed_1\attempt_1
weight,alpha_0p05,2,1.0,0.5,0.05,0.2,0.1,30,0.8025641025641026,0.3217948717948718,28,55,72,78,34,208,1db102cd130f1ef9372d22a14198ea6b33af8130cdf956b416476307255b5e53,8911.392708063126,4b5bcea6a8c0927d543722751119681e10ca154d0bdafa72dfebdf40b9f42289,e51f34c02b50f822b791ec5e95588b4de8790d606c7f2777f06f50df8d68db78,70cd5b9a71887ff4e5ccf429990ba235826bd1b7c82538a2cb82820510ba00ad,SourceData\GPUParameterSensitivityRaw\results\weight\alpha_0p05\seed_2\attempt_1
weight,alpha_0p05,3,1.0,0.5,0.05,0.2,0.1,30,0.7958333333333333,0.3076923076923077,25,54,70,78,37,217,bc9ed66a70064464c5787cccce3ddd66c5285e9930ea95458ae930de13dc4493,8818.809290647507,e1b14afdcfe273145d0321e99fc3d61d39b6f40490a8bfc3ea3f956def622097,a75525f4f7391a3c629beedeff8403467bd7af883e9195c712f612300ab83788,200a9ab183e55a806d81dc30b1b16d9c9c68b97cc6aed836a8b1960451ecefac,SourceData\GPUParameterSensitivityRaw\results\weight\alpha_0p05\seed_3\attempt_1
weight,alpha_0p05,4,1.0,0.5,0.05,0.2,0.1,30,0.7852564102564102,0.3102564102564102,29,48,69,78,37,203,f24c70dd9a487bd2bbca9820b6bb8b513665f78ecd78759b298c8d5d5df65509,8828.883487224579,da87e989da74977ec438483f09cbfbdf4be585f3fea5912c5b8cb4a0b2e51cfe,1461dd8bd762e0e860295dc34f29d63a9b2c2031aa65b5f65285521e698d192b,0c2a8037dc3ee020f9c4216c713551d54617b36d257dff3db35a7225f442e4d9,SourceData\GPUParameterSensitivityRaw\results\weight\alpha_0p05\seed_4\attempt_1
weight,alpha_0p20,0,1.0,0.5,0.2,0.2,0.1,30,0.7435897435897436,0.2512820512820513,22,49,57,71,37,428,b4d397e66d7864be85e1cd2042ccf1079d410314a71ee8d55105b9ecb938aecc,8923.30343580246,ee64aaefcc81c2b8fe027071cacd056caf3847cf0c4b45574fd9b45f8c3da293,4d78852a90b2aad79c90108b26b9a12e49872c60f6cc57d1ed33cb35e2a92721,c61de9d19692a9343000fd3a91e6065e8cb31964f3766fed7033e7286d496b5b,SourceData\GPUParameterSensitivityRaw\results\weight\alpha_0p20\seed_0\attempt_1
weight,alpha_0p20,1,1.0,0.5,0.2,0.2,0.1,30,0.7442307692307693,0.2423076923076923,20,43,60,73,37,459,ddd7194f459dabba0aba2c3623b906adc41b41be789f843bcabd5233562b5485,8801.395377874374,4ff9a64f2868a35a028461f036b82694e9464db2b112e7a0d72d18d52c67c1ff,0c2abdf89d76fc35771b687e65f4be97a2132d9784c78fae2812b1e84b2b95fb,6782d509f1bf321b80c618ae17e4069d6b919a7684411db2f89d5905a1f937ea,SourceData\GPUParameterSensitivityRaw\results\weight\alpha_0p20\seed_1\attempt_1
weight,alpha_0p20,2,1.0,0.5,0.2,0.2,0.1,30,0.6958333333333333,0.182051282051282,16,31,52,71,34,414,3c00c71e0a5a6708c43e38b82bb49ccef75d05881d958ea26a50997df2db8420,8913.099968194962,d755bbc9a0fda6a7fc4ace6930848072356b640ebe5f39fdd2236711a57a2d93,17e83ef0909217fe351369a6606f5abdb1df4bdc106df179e7d3d336657f419d,ab5fb5544d581013f13cc80ac09b67b5b9189d37a1d7b78e68cecb11b604e95b,SourceData\GPUParameterSensitivityRaw\results\weight\alpha_0p20\seed_2\attempt_1
weight,alpha_0p20,3,1.0,0.5,0.2,0.2,0.1,30,0.721474358974359,0.1615384615384615,12,38,60,77,32,387,f9f84729185cc500d2f966bfda18f5da386d228ff9c03ae8b2fa10bc2d3c99fa,8811.880650281906,a3d39719cedffd18c893e4a081bf9ba7281a5a9af13bd08cd2e9cfd87a5a15e2,15304b99d053aeb909403781eb7d9ee770c5cfcec6a93fad966bf0e9336ccdcc,529abcf4fd8c087e5f5db3fe714cb5f71472fc0ebab8edfc2867d850dcd8c665,SourceData\GPUParameterSensitivityRaw\results\weight\alpha_0p20\seed_3\attempt_1
weight,alpha_0p20,4,1.0,0.5,0.2,0.2,0.1,30,0.7073717948717949,0.1512820512820512,11,36,57,73,38,436,d221a5868268b73c3ec3e19a66c36c376f598983f2da87f11e1ef6a84adeda7d,8858.387306690216,dbe79bcfa2f234c7c393765eebd2c56dd7e0fe3f3c205b0915efd4ab7278d3df,858bd8f52efd8c6edea7410b758fb27eb06be1e1277369238d6ae75ac3266fef,3792a4c20a90598d6d6e14877ba7899d35a382599f80d4bc0d33b0fe15c94a5e,SourceData\GPUParameterSensitivityRaw\results\weight\alpha_0p20\seed_4\attempt_1
weight,baseline,0,1.0,0.5,0.1,0.2,0.1,30,0.8035256410256411,0.3217948717948718,30,52,73,78,36,243,e32134bf8931a495d6a64aeb10acf2f234f3a18b461c080bf97dbb90ca8692fe,8861.797944545746,4750e7f916638df1cafc836bef4a32153d2108a7a72814b6964c8380ef3ea6d4,a64f0b789a0d972e3b318ec05af651ace7e8d1558f5b749a459b3757802a2f8b,40425df6a87a8443ef98c753a265f6666db4e8a7c8588bf03c966e3306ee9350,SourceData\GPUParameterSensitivityRaw\results\weight\baseline\seed_0\attempt_1
weight,baseline,1,1.0,0.5,0.1,0.2,0.1,30,0.7801282051282051,0.3051282051282051,27,49,66,78,36,234,29125b2007dfd6fe3240f24a965eb750fd19b23596ad40f09de5d11dc1d9e6ef,8925.769817590714,a74e3962b43cf1bcb3e9a555d06b514270a6b1a17f1d96a60d42b772b0728351,70e944328e9840ad64f111e5ea924a2c770686b2b13d97e1a97fb1279a461fcf,e641b12e105d2945e4f7da3977a76bd7f60d9963fa8aa06ff9d2f20514c9cee5,SourceData\GPUParameterSensitivityRaw\results\weight\baseline\seed_1\attempt_1
weight,baseline,2,1.0,0.5,0.1,0.2,0.1,30,0.7849358974358974,0.3038461538461538,28,49,69,77,34,224,751853eb5b626555dc154b87719f814eb3b7170c7ce1f39a766555d9ef7e8bf7,8803.694916009903,9d4d4046503b55ebfd428b11c89ca0be6ba75cc9630e169c1a3c652e81d4aa3b,aa064dc0c1b98de7c07baf28710342cd09a6c3009beab1d87d3c1335c4ec2c50,fa07f49696e6486b99cb90a64b4658637b8ad5790f43a6e2b96b151eefebba87,SourceData\GPUParameterSensitivityRaw\results\weight\baseline\seed_2\attempt_1
weight,baseline,3,1.0,0.5,0.1,0.2,0.1,30,0.7948717948717948,0.3051282051282051,24,55,70,78,34,224,a33a636de0fd96a975a388ef712e4324322920a0ac0b5221f9df98c3ba7afa7c,8842.197672605515,acd0daf71561dc4feb316a3ef67b635faffff7641b7a2ef1aa5271dadb3497bf,d81fb750c081b7b63367347755ffb8d89ff2f7bb22309e4a1b200bbf2f2d29c7,ddfd3ed12c9c3b9a2f08904c27d439ec5ba4d5e6c8d4da00ac494f8207a7b21c,SourceData\GPUParameterSensitivityRaw\results\weight\baseline\seed_3\attempt_1
weight,baseline,4,1.0,0.5,0.1,0.2,0.1,30,0.7932692307692307,0.308974358974359,26,51,70,78,34,229,00335e4f8324c3c420305da3c7a249a798514694d17c996ff75f835fef12462e,8818.197082996368,e6a2d04149092e323970bcda7f1e06383ddf5cef2039549fe272bfcf4eee9407,36db1fd670ba8b5543777eb163cc39f91a7b1090da9ef3160ce57da5f9be6f4b,7337f999478a1dd1f371efdb389ed045fa0ea93404e03f9840338ec5c5f53aa3,SourceData\GPUParameterSensitivityRaw\results\weight\baseline\seed_4\attempt_1
weight,beta_0p10,0,1.0,0.5,0.1,0.1,0.1,30,0.7939102564102564,0.3115384615384615,30,51,71,78,36,235,031bc8dea1c311a0d86c78d6b9ef1afde976e75b3f94f54f3ded60d215a79664,8913.813297986984,99ff5ba57a715e06f53eedf8193baef33fc96ba48a5a9c2026fac8afa1cff791,f7d5b6aa566ef95078f420b6c1e0238b05bc7b9d6467c7dd0c14e54a1b6c4d17,e2f8a9987351162de462ebf43d846622511dcf186f181bf92d1f77b371cb8335,SourceData\GPUParameterSensitivityRaw\results\weight\beta_0p10\seed_0\attempt_1
weight,beta_0p10,1,1.0,0.5,0.1,0.1,0.1,30,0.7826923076923077,0.3051282051282051,27,50,67,78,37,225,51cb050c78073d1410bb87ebae786514af59a7b051a2bc6aa82f6e47df94a4fc,8979.508270978928,ee564d8eba8ca95e6f14c0908e4b5804940d0ff57ebacbb17b8a6bc2a4789741,3210f8b54bfd1995af437e5220518c3ab717791ec853b4092c9fbfb010a64b1c,76d445d56fd5d68e03ad4d6a8e630d3571e31ff09785ddb0966e602188d12950,SourceData\GPUParameterSensitivityRaw\results\weight\beta_0p10\seed_1\attempt_1
weight,beta_0p10,2,1.0,0.5,0.1,0.1,0.1,30,0.7935897435897435,0.2987179487179487,28,52,71,78,33,224,658d186cd59a4ba0ea3fedb9e4f4659bf27288739f97585fb7064561d4407786,8849.395193099976,7d943946ca8163728dcdc11645be72904aadafc5ad19fe7a34fc8d16a21d7459,fe23504454121dd31ffe304c3971d6865fec97cc0cb08e2c69d77e0f3849b87a,58793adda9311c5db8ccef78bfabd1e04ee6b192babcb3518aeb9d3a68fdb175,SourceData\GPUParameterSensitivityRaw\results\weight\beta_0p10\seed_2\attempt_1
weight,beta_0p10,3,1.0,0.5,0.1,0.1,0.1,30,0.7990384615384616,0.3128205128205128,27,53,71,78,35,222,c4bfbc5d1c85fb7e9d02a40d08c48195e6be27914760df0513f764d6b97097c1,8825.590687990189,79b0ad8939ce8e8a0eaeddf885a596234cad13adc54ef761ac4a2d49dbe1fd26,6029613f5913991096dd38fc629220c00a122a53b95d93156f27fe19241dc6b5,a30620fc34894e7fa62afb9103d1f6e67b7a84573acb68688b2903c6b39556ee,SourceData\GPUParameterSensitivityRaw\results\weight\beta_0p10\seed_3\attempt_1
weight,beta_0p10,4,1.0,0.5,0.1,0.1,0.1,30,0.7903846153846154,0.3064102564102564,26,49,72,78,35,233,f167b35210fe9a2f074ff8af3ef0f9e7c30f45c8bec27a7a4c562407630d482c,8840.617306232452,dc889d7018d0c526ff4003d779d9f8c2aff64001d72c7ef3e60d84cadaa2246c,54430bf287b4c2b348bef040f7c199d8868496496427e9aace29f9505e815bc9,b9722c951e22a429e3f40ed6c2cd42ec8d4db2b1551fe82386fc790fdcc785be,SourceData\GPUParameterSensitivityRaw\results\weight\beta_0p10\seed_4\attempt_1
weight,beta_0p40,0,1.0,0.5,0.1,0.4,0.1,30,0.7993589743589744,0.3333333333333333,30,54,71,78,35,239,0d62841b03bdbafdd02a17c444111a6d40cbf7500a4e8a4fd06d9ecf8393ba5c,8785.489767313004,115753e7815e77e498cc79c81f69a52888b465285ed3c5f099fa4b7039ff221f,114db55e1692e272beb6b39ff3b64a3760a30c1534f09abc2fa1bbc34129711d,cb2bda2f0904632c78320052ed9ccfacd331d908abc3d5aad6476232c695ecef,SourceData\GPUParameterSensitivityRaw\results\weight\beta_0p40\seed_0\attempt_1
weight,beta_0p40,1,1.0,0.5,0.1,0.4,0.1,30,0.7727564102564103,0.3038461538461538,27,45,65,78,37,227,78e02f317d486768ba860263303b22ed10323a7a3cf17ed7274ac2af45f76253,8931.415729045868,27f80ca19442e5916c7d39b8a4af7fe62f63b584ae463d23dc64352059e1b26c,d866f5cd9ca4212d1af2f4eff508bf6d8fceb9cd5c3ce9e4cf87beeef9944272,084593af21d90cd083b4e2b8bad1503b66936a74714b6a835ad1283c84f670cc,SourceData\GPUParameterSensitivityRaw\results\weight\beta_0p40\seed_1\attempt_1
weight,beta_0p40,2,1.0,0.5,0.1,0.4,0.1,30,0.8115384615384615,0.3551282051282051,30,57,73,78,34,234,620fec0d0f5cd2302f8139712c11f49eccb53c5a908e520b0b46b8ddc09f8a40,8795.721732854843,9451e04cef7e585053357a2079f895bfda18a632e4b3aa79ef27c91e827502e0,b1f0fac5698b701a12ae574db539837008507f50b014d8043f45efb8c34d074d,da52e696d63c9057f8667afd1cd03af2073b79100199ff760e6b06146cb64397,SourceData\GPUParameterSensitivityRaw\results\weight\beta_0p40\seed_2\attempt_1
weight,beta_0p40,3,1.0,0.5,0.1,0.4,0.1,30,0.7852564102564102,0.2769230769230769,23,51,70,78,37,254,57e48b501e05e5a65f78b4c8d7fb70cce093c5c3c2e2e00be2b19257aea21298,8803.200750112534,d366992403c4898ca3bf9d0e40fd544cbef044ca8aeb6a7b9d1ca659862bcfe7,16d5a9e8658aec4a83e27b612e4e817708b0c35fabfd099b6976219f96d5b562,0bb51d691c40183d23a490b6a83ef5dd5fae51f601bd6f9d36a42316234ef253,SourceData\GPUParameterSensitivityRaw\results\weight\beta_0p40\seed_3\attempt_1
weight,beta_0p40,4,1.0,0.5,0.1,0.4,0.1,30,0.7855769230769231,0.3064102564102564,26,50,68,78,34,236,018fda5327127fede8c138ee10385b8459501b9bfcf5ca51483e6ca9995f5dcf,8858.31810593605,7c46a346fe582aa9ad185ba0e13f2398aa7b1deba47b777d20e098ee43420dde,0b7ad4e7cb266827bb6dffe5163c5e267d591d06433b04170b8ee886cfcfd013,5a6bff67460a751e4b13f09a1e5a149175aaa47aa22cb6fd7bed37434f4abe26,SourceData\GPUParameterSensitivityRaw\results\weight\beta_0p40\seed_4\attempt_1
weight,gamma_0p05,0,1.0,0.5,0.1,0.2,0.05,30,0.8012820512820513,0.3205128205128205,29,56,71,78,37,215,e4a5622fc6e7e6facddf89cd60d6b91f54c346fc5f4ce41b30b07bc49e648d7c,8863.789417982101,2951b1d6e012622386629cefd6aa128303bbb306d4814633cf7ab4d4957a30b4,528904d7fab3910066e95ba50bf93314e55982c734566ff7d15e0b9c1c21c171,69016df000358a2d284cfa7fd63513439bf9157be772ee90fd29ebe8c14e6c1f,SourceData\GPUParameterSensitivityRaw\results\weight\gamma_0p05\seed_0\attempt_1
weight,gamma_0p05,1,1.0,0.5,0.1,0.2,0.05,30,0.7929487179487179,0.3333333333333333,32,49,70,78,34,198,2b9789f88dc6fe1d5e244d294d27ee73187620c698f8b95b7d9d4572db1a03e6,8929.995432138443,10934dfd17495ccd59b4635f73eb36268f84531f9cab39951172df0499bc9f18,df23bbfe6972daea513507568b20d46de9cd59e27cb3cb3b8fbb4e4b4d9ec0c7,c8a2a0aa9361eb6ddd9fb11685ef0dd838398971b516071c8317953e562d6654,SourceData\GPUParameterSensitivityRaw\results\weight\gamma_0p05\seed_1\attempt_1
weight,gamma_0p05,2,1.0,0.5,0.1,0.2,0.05,30,0.8006410256410257,0.3192307692307692,29,53,74,78,33,180,13e60d951087630b434ff685c07a08f63d4d67d6428fa62033735f40f5f8efc8,8968.302359342575,84708c546b527582349f088f36634f19050ad4ca13cf1b06ae05b2684e233c05,6ab9427512d927bcecfade464072212a9b66e2d2169f1ebaf3777a7c3b7a0634,9822bf873e0c76aa9751c831acef079bfcd63bfe183832b4a0fcd67aafe1de9e,SourceData\GPUParameterSensitivityRaw\results\weight\gamma_0p05\seed_2\attempt_1
weight,gamma_0p05,3,1.0,0.5,0.1,0.2,0.05,30,0.8035256410256411,0.3371794871794872,30,57,69,78,35,181,5af504ac424890c81bc710e1b5c477085075958f7037ba7ddced6ae31cbca366,8816.496714353561,53d70087f489930b387bac2eeebe6c54b8b45b79d2f5143a4f8d5baaf3e4eeb4,c06a6e48ec58fbd2e3d2e3825ff3bab6036f729053b57580ca6a9212757993b7,1d6f9db60f8e4e27d82d6c95bc17c82b8deff2bf02122f7a78ab17f9dfa32c47,SourceData\GPUParameterSensitivityRaw\results\weight\gamma_0p05\seed_3\attempt_1
weight,gamma_0p05,4,1.0,0.5,0.1,0.2,0.05,30,0.7939102564102564,0.3358974358974358,30,46,71,78,35,201,b2f0596c75783a6057d35f64f997d083d2cf21cd7d2ef6bf5181c84edb534868,8833.108403921127,01c068ffb2d03ece989e21315550097a510d8fc51a8a36c1df12b89a694eae03,ce00ebde6077f8f7a49c0258cd950295b7eb8ee7e1450a9a05e39beb79a619f0,de2650e73fa26eb527bf51e57be90a2e903897905f89fb36806d3a76e5cd2f17,SourceData\GPUParameterSensitivityRaw\results\weight\gamma_0p05\seed_4\attempt_1
weight,gamma_0p20,0,1.0,0.5,0.1,0.2,0.2,30,0.7814102564102564,0.2743589743589744,24,49,68,78,37,275,d0fe001554833b0eb6b5cd5b38545fb5b1b7d8359fe749c9522a6072f77a8adf,8891.184487342834,ce913d46e4228b77318fd27ab9d9a7668a9345d1ba0c2778c5e6272333331b1c,eb06cf48ede98e7dca27e051e6f7599bb031e7b1387cee842455d028eaa40c9e,2abcbddb3203b582a04e4f68e78e670b4106331d3dfc0e1a483f8d8be6dd9443,SourceData\GPUParameterSensitivityRaw\results\weight\gamma_0p20\seed_0\attempt_1
weight,gamma_0p20,1,1.0,0.5,0.1,0.2,0.2,30,0.7791666666666667,0.3038461538461538,28,48,63,78,34,256,eaf2fca4754e833719067f8c553a9c3fd2af6c2bda4bbc77debfe5ae4b858be0,8894.309109210968,ab8c42dc3f63d28ef1c15f3cad2497d274d5cae9364c1dc42d477a051eb23ed9,66dbead218677bd0c14e0adadda90ecde74c2ef7ec7de8465fefbbf49614f682,e3b33463961b910f78d48e0c92f6bb47821b2c48266710c0b39600e99c0a503c,SourceData\GPUParameterSensitivityRaw\results\weight\gamma_0p20\seed_1\attempt_1
weight,gamma_0p20,2,1.0,0.5,0.1,0.2,0.2,30,0.7958333333333333,0.2948717948717949,25,52,72,78,34,258,bb7f0f71d27982ecdbec6d974b5f0ebca84f7fc8f03a080e4d6f5455e40a41f9,8968.123567342758,a5eaffcc79200588ca18fc46d804457d2bc97af7b1f03ceb8ef149d4a499fa76,8b4a283fc41d0f4900340d97d3c9d776cbd988b2987b2c9fcfaecd2880b9c563,50bd10bb5907c0830b5c82ca2655883619e22c3c345985156e1eadc54da3c112,SourceData\GPUParameterSensitivityRaw\results\weight\gamma_0p20\seed_2\attempt_1
weight,gamma_0p20,3,1.0,0.5,0.1,0.2,0.2,30,0.7778846153846154,0.2807692307692307,24,47,67,78,36,271,4ca2ba8315dd0e2ecc6ca9494f8ebfaf5506d182b5aad5466f7aed19a0f6b8d2,8855.342479228973,46de48b2f1b00a5b7374ac0842bd4e10dad2cea4cfdb497c1dfd135c6a8defe9,ab5669a87aa100929317717c2385e1b2dc0a5e4b38ac6af29075a62a55555354,9dea74d0230bf067c41ece9d196e2195272cabdd1ff9b3e41b99f1f89a5dc3d4,SourceData\GPUParameterSensitivityRaw\results\weight\gamma_0p20\seed_3\attempt_1
weight,gamma_0p20,4,1.0,0.5,0.1,0.2,0.2,30,0.7769230769230769,0.2961538461538461,24,45,66,78,37,289,82f42ae47b6bb686f114dc8da00bce9a0dd11fcecf71104094e4466af60498d1,8845.506244182587,86efe910a585ea0d2606f5b08536c57e530a7effd49f8219f119e39c375e2ecb,10a1c9bd1673ab15c44075108aaa620ba2c0f248b5202963b5600520617e8395,f5734a821990b23f89989de020fbb455e827c3b561de4e4871140c439ddb1575,SourceData\GPUParameterSensitivityRaw\results\weight\gamma_0p20\seed_4\attempt_1
