job_id,candidate_id,formula,functional,magnetic_initialization,main_text_selected,kpoint_spacing_Ainv,mesh,vasp_version,vasp_completed,final_total_energy_eV,outcar_sha256,source_output_path,verification_decision,frozen_protocol_sha256,selected_for_formation_energy,composition_json,atom_count,elemental_reference_ids_json,formation_energy_eV_per_atom,pbe_total_energy,pbe_formation_energy,gga_u_total_energy,gga_u_formation_energy,tight_total_energy,tight_gga_u_formation_energy,legacy_total_energy_eV,legacy_formation_energy_eV_per_atom,new_minus_legacy_total_energy_eV,new_minus_legacy_formation_energy_eV_per_atom
dft_candidate_job_006_Mn_fe_-1_347_n4__f906c17c259c,job_006_Mn_fe_-1.347_n4_generated_crystals_cif__gen_1,LiMn2O4,GGA+U,default,False,0.15,15x9x9,6.5.1,True,-47.66013567,317fcc72a35ee9068165c033f15f653e648421cb06860df77d359ff2dd8b7ce1,D:\CGCNN_Formation_Energy_AL_Archive\artifacts\dft_server\completed_formal_results\d36d9cf09be426a6\attempt_1\payload\candidate_static_verification\egdatpp_dft_candidate_static_v1_20260718T164455Z\results\dft_candidate_job_006_Mn_fe_-1_347_n4__f906c17c259c\attempt_1,REQUIRES_STATIC_VERIFICATION,4544f2a9a4685399ee4aaa34de4368f17febe846cca9b1fb8564e9a8306e5b7e,True,"{""Li"":1.0,""Mn"":2.0,""O"":4.0}",7.0,"{""Cr"":""GGA_U_Cr_metal"",""Li"":""GGA_U_Li_metal"",""Mn"":""GGA_U_Mn_metal"",""O"":""GGA_U_O2_molecule""}",-1.843833140000001,-52.37266022,-1.8562849871428568,-47.66013221,-1.8442855171428565,,,-47.66013221,-1.8442855171428565,-3.4600000020645894e-06,0.000452377142855509
dft_candidate_job_006_Mn_fe_-1_347_n4__55b1789ab36c,job_006_Mn_fe_-1.347_n4_generated_crystals_cif__gen_1,LiMn2O4,PBE,default,False,0.15,16x9x9,6.5.1,True,-52.3733904,82022a9f58d793cae2406f10ac0aa8121f02f65c47ebbe16faf517ff8a237a5a,D:\CGCNN_Formation_Energy_AL_Archive\artifacts\dft_server\completed_formal_results\d36d9cf09be426a6\attempt_1\payload\candidate_static_verification\egdatpp_dft_candidate_static_v1_20260718T164455Z\results\dft_candidate_job_006_Mn_fe_-1_347_n4__55b1789ab36c\attempt_1,REQUIRES_STATIC_VERIFICATION,4544f2a9a4685399ee4aaa34de4368f17febe846cca9b1fb8564e9a8306e5b7e,True,"{""Li"":1.0,""Mn"":2.0,""O"":4.0}",7.0,"{""Cr"":""PBE_Cr_metal"",""Li"":""PBE_Li_metal"",""Mg"":""PBE_Mg_metal"",""Mn"":""PBE_Mn_metal"",""O"":""PBE_O2_molecule""}",-1.8561894321428565,-52.37266022,-1.8562849871428568,-47.66013221,-1.8442855171428565,,,-52.37266022,-1.8562849871428568,-0.0007301799999979153,9.555500000035799e-05
dft_candidate_job_011_Mg_fe_-1_305_n4__1be680ee4fa0,job_011_Mg_fe_-1.305_n4_generated_crystals_cif__gen_0,LiMg2O4,PBE,default,False,0.15,12x12x10,6.5.1,True,-35.2561832,0ef400480c7b184a4647ee3584cacac4fcdc4aba5510d9a7bcd0be99a05b0ecf,D:\CGCNN_Formation_Energy_AL_Archive\artifacts\dft_server\completed_formal_results\d36d9cf09be426a6\attempt_1\payload\candidate_static_verification\egdatpp_dft_candidate_static_v1_20260718T164455Z\results\dft_candidate_job_011_Mg_fe_-1_305_n4__1be680ee4fa0\attempt_1,REQUIRES_STATIC_VERIFICATION,4544f2a9a4685399ee4aaa34de4368f17febe846cca9b1fb8564e9a8306e5b7e,True,"{""Li"":1.0,""Mg"":2.0,""O"":4.0}",7.0,"{""Cr"":""PBE_Cr_metal"",""Li"":""PBE_Li_metal"",""Mg"":""PBE_Mg_metal"",""Mn"":""PBE_Mn_metal"",""O"":""PBE_O2_molecule""}",-1.5107492264285713,-35.25879476,-1.5104899042857145,,,,,-35.25879476,-1.5104899042857145,0.002611559999998292,-0.00025932214285684374
reused_job_044_Mn_fe_-0.936_n4_generated_crystals_cif__gen_1_state_fm,job_044_Mn_fe_-0.936_n4_generated_crystals_cif__gen_1,LiMn2O4,GGA+U,state_fm,True,0.15,15x9x9,6.5.1,True,-47.8507201,f1c28b532bf790f0f43bf7962e0836ca1d29b974c03f5ffbcd71e64a4a8dcd75,D:\CGCNN_Formation_Energy_AL_Archive\artifacts\dft_server\completed_formal_results\d36d9cf09be426a6\attempt_1\payload\kpoint_extensions\egdatpp_dft_kpoint_extension_v2_20260717T143027Z\results\LiMn2O4_C044\spacing_0p15\attempt_1,REUSED_FROZEN_PROTOCOL_OUTPUT,4544f2a9a4685399ee4aaa34de4368f17febe846cca9b1fb8564e9a8306e5b7e,True,"{""Li"":1.0,""Mn"":2.0,""O"":4.0}",7.0,"{""Cr"":""GGA_U_Cr_metal"",""Li"":""GGA_U_Li_metal"",""Mn"":""GGA_U_Mn_metal"",""O"":""GGA_U_O2_molecule""}",-1.8710594871428572,-52.2109572,-1.8331845557142856,-47.8500035,-1.8714099871428564,-47.85069284,-1.8715084642857136,-47.85069284,-1.8715084642857136,-2.7259999995976614e-05,0.00044897714285641044
dft_candidate_job_044_Mn_fe_-0_936_n4__0fd9cb1d4d40,job_044_Mn_fe_-0.936_n4_generated_crystals_cif__gen_1,LiMn2O4,PBE,default,True,0.15,15x9x9,6.5.1,True,-52.21127794,e41c10b77061f7194590903b1c8b20f6b084b9528508f95f29c747c48dd4a4c7,D:\CGCNN_Formation_Energy_AL_Archive\artifacts\dft_server\completed_formal_results\d36d9cf09be426a6\attempt_1\payload\candidate_static_verification\egdatpp_dft_candidate_static_v1_20260718T164455Z\results\dft_candidate_job_044_Mn_fe_-0_936_n4__0fd9cb1d4d40\attempt_1,REQUIRES_STATIC_VERIFICATION,4544f2a9a4685399ee4aaa34de4368f17febe846cca9b1fb8564e9a8306e5b7e,True,"{""Li"":1.0,""Mn"":2.0,""O"":4.0}",7.0,"{""Cr"":""PBE_Cr_metal"",""Li"":""PBE_Li_metal"",""Mg"":""PBE_Mg_metal"",""Mn"":""PBE_Mn_metal"",""O"":""PBE_O2_molecule""}",-1.8330305092857142,-52.2109572,-1.8331845557142856,-47.8500035,-1.8714099871428564,-47.85069284,-1.8715084642857136,-52.2109572,-1.8331845557142856,-0.0003207399999993754,0.00015404642857141937
dft_candidate_job_083_Cr_fe_-0_935_n4__905621374b44,job_083_Cr_fe_-0.935_n4_generated_crystals_cif__gen_1,LiCr2O4,GGA+U,default,False,0.15,17x17x5,6.5.1,True,-49.24808148,d98b98da17c824cea05d68093926db8120a081a4c00492dea9f87e79a6a97670,D:\CGCNN_Formation_Energy_AL_Archive\artifacts\dft_server\completed_formal_results\d36d9cf09be426a6\attempt_1\payload\candidate_static_verification\egdatpp_dft_candidate_static_v1_20260718T164455Z\results\dft_candidate_job_083_Cr_fe_-0_935_n4__905621374b44\attempt_1,REQUIRES_STATIC_VERIFICATION,4544f2a9a4685399ee4aaa34de4368f17febe846cca9b1fb8564e9a8306e5b7e,True,"{""Cr"":2.0,""Li"":1.0,""O"":4.0}",7.0,"{""Cr"":""GGA_U_Cr_metal"",""Li"":""GGA_U_Li_metal"",""Mn"":""GGA_U_Mn_metal"",""O"":""GGA_U_O2_molecule""}",-2.275868795714286,-54.54742827,-1.9776067314285717,-49.24208766,-2.2754930214285727,,,-49.24208766,-2.2754930214285727,-0.005993820000000483,-0.00037577428571333726
dft_candidate_job_083_Cr_fe_-0_935_n4__a001e87d7190,job_083_Cr_fe_-0.935_n4_generated_crystals_cif__gen_1,LiCr2O4,PBE,default,False,0.15,17x17x5,6.5.1,True,-54.54382675,ab80eaff6f3fa5360559bd103963cbc78f2ad0e8dd43b32d0d844e7b89c27657,D:\CGCNN_Formation_Energy_AL_Archive\artifacts\dft_server\completed_formal_results\d36d9cf09be426a6\attempt_1\payload\candidate_static_verification\egdatpp_dft_candidate_static_v1_20260718T164455Z\results\dft_candidate_job_083_Cr_fe_-0_935_n4__a001e87d7190\attempt_1,REQUIRES_STATIC_VERIFICATION,4544f2a9a4685399ee4aaa34de4368f17febe846cca9b1fb8564e9a8306e5b7e,True,"{""Cr"":2.0,""Li"":1.0,""O"":4.0}",7.0,"{""Cr"":""PBE_Cr_metal"",""Li"":""PBE_Li_metal"",""Mg"":""PBE_Mg_metal"",""Mn"":""PBE_Mn_metal"",""O"":""PBE_O2_molecule""}",-1.9768923621428576,-54.54742827,-1.9776067314285717,-49.24208766,-2.2754930214285727,,,-54.54742827,-1.9776067314285717,0.003601519999996583,0.0007143692857141115
dft_candidate_job_086_Mn_fe_-0_988_n4__eabc669a6df5,job_086_Mn_fe_-0.988_n4_generated_crystals_cif__gen_2,LiMn2O4,GGA+U,state_fm,False,0.15,16x9x9,6.5.1,True,-47.66911537,f0b59ae0e32b5ad5c04abaaeba2cbf9924cd240306254531900fd432b5f4871c,D:\CGCNN_Formation_Energy_AL_Archive\artifacts\dft_server\completed_formal_results\d36d9cf09be426a6\attempt_1\payload\candidate_static_verification\egdatpp_dft_candidate_static_v1_20260718T164455Z\results\dft_candidate_job_086_Mn_fe_-0_988_n4__eabc669a6df5\attempt_1,REQUIRES_STATIC_VERIFICATION,4544f2a9a4685399ee4aaa34de4368f17febe846cca9b1fb8564e9a8306e5b7e,True,"{""Li"":1.0,""Mn"":2.0,""O"":4.0}",7.0,"{""Cr"":""GGA_U_Cr_metal"",""Li"":""GGA_U_Li_metal"",""Mn"":""GGA_U_Mn_metal"",""O"":""GGA_U_O2_molecule""}",-1.845115954285715,-52.30492819,-1.8466089828571424,-47.66109971,-1.8444237314285712,-47.6690802,-1.8455638014285716,-47.66109971,-1.8444237314285712,-0.008015659999998093,-0.000692222857143765
dft_candidate_job_086_Mn_fe_-0_988_n4__dd70bfe6025d,job_086_Mn_fe_-0.988_n4_generated_crystals_cif__gen_2,LiMn2O4,PBE,default,False,0.15,16x9x9,6.5.1,True,-52.31051296,15251c6fe60fe2dad7b297f66dcd7dabc36cc4a692c4a881c30781bcbd7b3935,D:\CGCNN_Formation_Energy_AL_Archive\artifacts\dft_server\completed_formal_results\d36d9cf09be426a6\attempt_1\payload\candidate_static_verification\egdatpp_dft_candidate_static_v1_20260718T164455Z\results\dft_candidate_job_086_Mn_fe_-0_988_n4__dd70bfe6025d\attempt_1,REQUIRES_STATIC_VERIFICATION,4544f2a9a4685399ee4aaa34de4368f17febe846cca9b1fb8564e9a8306e5b7e,True,"{""Li"":1.0,""Mn"":2.0,""O"":4.0}",7.0,"{""Cr"":""PBE_Cr_metal"",""Li"":""PBE_Li_metal"",""Mg"":""PBE_Mg_metal"",""Mn"":""PBE_Mn_metal"",""O"":""PBE_O2_molecule""}",-1.8472069407142848,-52.30492819,-1.8466089828571424,-47.66109971,-1.8444237314285712,-47.6690802,-1.8455638014285716,-52.30492819,-1.8466089828571424,-0.005584769999998684,-0.0005979578571424504
dft_candidate_job_101_Mg_fe_-1_339_n4__47e8cfc4e8c4,job_101_Mg_fe_-1.339_n4_generated_crystals_cif__gen_1,LiMg2O4,PBE,default,False,0.15,12x12x11,6.5.1,True,-35.50343117,dad97b5aa32fd6045ac3b771b7d6b8b056708439701009be9af8a8ceba6cfb75,D:\CGCNN_Formation_Energy_AL_Archive\artifacts\dft_server\completed_formal_results\d36d9cf09be426a6\attempt_1\payload\candidate_static_verification\egdatpp_dft_candidate_static_v1_20260718T164455Z\results\dft_candidate_job_101_Mg_fe_-1_339_n4__47e8cfc4e8c4\attempt_1,REQUIRES_STATIC_VERIFICATION,4544f2a9a4685399ee4aaa34de4368f17febe846cca9b1fb8564e9a8306e5b7e,True,"{""Li"":1.0,""Mg"":2.0,""O"":4.0}",7.0,"{""Cr"":""PBE_Cr_metal"",""Li"":""PBE_Li_metal"",""Mg"":""PBE_Mg_metal"",""Mn"":""PBE_Mn_metal"",""O"":""PBE_O2_molecule""}",-1.5460703649999996,-35.50340314,-1.545433958571429,,,,,-35.50340314,-1.545433958571429,-2.8029999995737853e-05,-0.0006364064285706572
dft_candidate_job_120_Cr_fe_-1_424_n4__d18d44539fcb,job_120_Cr_fe_-1.424_n4_generated_crystals_cif__gen_1,LiCr2O4,GGA+U,state_fm,True,0.15,15x9x9,6.5.1,True,-49.10922944,7221cd32c2f1b46c33ab5480efb4648ffdce130dce63b6c02e3dde8df09f2b47,D:\CGCNN_Formation_Energy_AL_Archive\artifacts\dft_server\completed_formal_results\d36d9cf09be426a6\attempt_1\payload\candidate_static_verification\egdatpp_dft_candidate_static_v1_20260718T164455Z\results\dft_candidate_job_120_Cr_fe_-1_424_n4__d18d44539fcb\attempt_1,REQUIRES_STATIC_VERIFICATION,4544f2a9a4685399ee4aaa34de4368f17febe846cca9b1fb8564e9a8306e5b7e,True,"{""Cr"":2.0,""Li"":1.0,""O"":4.0}",7.0,"{""Cr"":""GGA_U_Cr_metal"",""Li"":""GGA_U_Li_metal"",""Mn"":""GGA_U_Mn_metal"",""O"":""GGA_U_O2_molecule""}",-2.25603279,-54.2910586,-1.9409824928571435,-49.08086766,-2.252461592857144,-49.10916607,-2.2565042228571435,-49.10916607,-2.2565042228571435,-6.336999999945192e-05,0.0004714328571435722
dft_candidate_job_120_Cr_fe_-1_424_n4__9b00b43d070f,job_120_Cr_fe_-1.424_n4_generated_crystals_cif__gen_1,LiCr2O4,PBE,default,True,0.15,16x10x9,6.5.1,True,-54.29085213,62a1339f0d255ac92e0b0fd2bc7bf9cdcf3cca497c1e1aa487a4b36ba289c585,D:\CGCNN_Formation_Energy_AL_Archive\artifacts\dft_server\completed_formal_results\d36d9cf09be426a6\attempt_1\payload\candidate_static_verification\egdatpp_dft_candidate_static_v1_20260718T164455Z\results\dft_candidate_job_120_Cr_fe_-1_424_n4__9b00b43d070f\attempt_1,REQUIRES_STATIC_VERIFICATION,4544f2a9a4685399ee4aaa34de4368f17febe846cca9b1fb8564e9a8306e5b7e,True,"{""Cr"":2.0,""Li"":1.0,""O"":4.0}",7.0,"{""Cr"":""PBE_Cr_metal"",""Li"":""PBE_Li_metal"",""Mg"":""PBE_Mg_metal"",""Mn"":""PBE_Mn_metal"",""O"":""PBE_O2_molecule""}",-1.9407531307142858,-54.2910586,-1.9409824928571435,-49.08086766,-2.252461592857144,-49.10916607,-2.2565042228571435,-54.2910586,-1.9409824928571435,0.00020647000000195703,0.00022936214285773637
dft_candidate_job_136_Cr_fe_-1_181_n4__faee5965b5f0,job_136_Cr_fe_-1.181_n4_generated_crystals_cif__gen_0,LiCr2O4,GGA+U,default,False,0.15,15x9x9,6.5.1,True,-49.40675507,201d2792137f976651b923bc622c547b483b64b5b626a92a22e28dfbbf329066,D:\CGCNN_Formation_Energy_AL_Archive\artifacts\dft_server\completed_formal_results\d36d9cf09be426a6\attempt_1\payload\candidate_static_verification\egdatpp_dft_candidate_static_v1_20260718T164455Z\results\dft_candidate_job_136_Cr_fe_-1_181_n4__faee5965b5f0\attempt_1,REQUIRES_STATIC_VERIFICATION,4544f2a9a4685399ee4aaa34de4368f17febe846cca9b1fb8564e9a8306e5b7e,True,"{""Cr"":2.0,""Li"":1.0,""O"":4.0}",7.0,"{""Cr"":""GGA_U_Cr_metal"",""Li"":""GGA_U_Li_metal"",""Mn"":""GGA_U_Mn_metal"",""O"":""GGA_U_O2_molecule""}",-2.2985364514285718,-54.59049334,-1.983758884285715,-49.40710803,-2.2990673600000013,,,-49.40710803,-2.2990673600000013,0.0003529600000007349,0.0005309085714295669
dft_candidate_job_136_Cr_fe_-1_181_n4__982dac989876,job_136_Cr_fe_-1.181_n4_generated_crystals_cif__gen_0,LiCr2O4,PBE,default,False,0.15,15x9x9,6.5.1,True,-54.58788207,0c4cb8d972f5c44669637d5bf25b6aa1a94c71a658081ab43f7442085fcb0117,D:\CGCNN_Formation_Energy_AL_Archive\artifacts\dft_server\completed_formal_results\d36d9cf09be426a6\attempt_1\payload\candidate_static_verification\egdatpp_dft_candidate_static_v1_20260718T164455Z\results\dft_candidate_job_136_Cr_fe_-1_181_n4__982dac989876\attempt_1,REQUIRES_STATIC_VERIFICATION,4544f2a9a4685399ee4aaa34de4368f17febe846cca9b1fb8564e9a8306e5b7e,True,"{""Cr"":2.0,""Li"":1.0,""O"":4.0}",7.0,"{""Cr"":""PBE_Cr_metal"",""Li"":""PBE_Li_metal"",""Mg"":""PBE_Mg_metal"",""Mn"":""PBE_Mn_metal"",""O"":""PBE_O2_molecule""}",-1.9831859792857145,-54.59049334,-1.983758884285715,-49.40710803,-2.2990673600000013,,,-54.59049334,-1.983758884285715,0.002611270000002719,0.000572905000000512
dft_candidate_job_204_Cr_fe_-0_932_n4__23ff36902cf3,job_204_Cr_fe_-0.932_n4_generated_crystals_cif__gen_3,LiCr2O4,GGA+U,default,False,0.15,12x12x10,6.5.1,True,-49.3020295,f05eb0f77516f842c3e3d55245791e91025d2cadc5fbdc537d278e4c77303ebb,D:\CGCNN_Formation_Energy_AL_Archive\artifacts\dft_server\completed_formal_results\d36d9cf09be426a6\attempt_1\payload\candidate_static_verification\egdatpp_dft_candidate_static_v1_20260718T164455Z\results\dft_candidate_job_204_Cr_fe_-0_932_n4__23ff36902cf3\attempt_1,REQUIRES_STATIC_VERIFICATION,4544f2a9a4685399ee4aaa34de4368f17febe846cca9b1fb8564e9a8306e5b7e,True,"{""Cr"":2.0,""Li"":1.0,""O"":4.0}",7.0,"{""Cr"":""GGA_U_Cr_metal"",""Li"":""GGA_U_Li_metal"",""Mn"":""GGA_U_Mn_metal"",""O"":""GGA_U_O2_molecule""}",-2.2835756557142863,-54.46771464,-1.96621907,-49.30018218,-2.2837922385714293,,,-49.30018218,-2.2837922385714293,-0.0018473200000030943,0.00021658285714298842
dft_candidate_job_204_Cr_fe_-0_932_n4__b1d1771f4589,job_204_Cr_fe_-0.932_n4_generated_crystals_cif__gen_3,LiCr2O4,PBE,default,False,0.15,12x12x10,6.5.1,True,-54.46709037,911780d22b20db347ee1e0e383b66bcc4a4e3c506f242bb0614d6a4dae58feec,D:\CGCNN_Formation_Energy_AL_Archive\artifacts\dft_server\completed_formal_results\d36d9cf09be426a6\attempt_1\payload\candidate_static_verification\egdatpp_dft_candidate_static_v1_20260718T164455Z\results\dft_candidate_job_204_Cr_fe_-0_932_n4__b1d1771f4589\attempt_1,REQUIRES_STATIC_VERIFICATION,4544f2a9a4685399ee4aaa34de4368f17febe846cca9b1fb8564e9a8306e5b7e,True,"{""Cr"":2.0,""Li"":1.0,""O"":4.0}",7.0,"{""Cr"":""PBE_Cr_metal"",""Li"":""PBE_Li_metal"",""Mg"":""PBE_Mg_metal"",""Mn"":""PBE_Mn_metal"",""O"":""PBE_O2_molecule""}",-1.9659300221428577,-54.46771464,-1.96621907,-49.30018218,-2.2837922385714293,,,-54.46771464,-1.96621907,0.0006242699999958745,0.0002890478571422328
reused_job_214_Cr_fe_-0.857_n4_generated_crystals_cif__gen_0_state_fm,job_214_Cr_fe_-0.857_n4_generated_crystals_cif__gen_0,LiCr2O4,GGA+U,state_fm,True,0.15,15x10x9,6.5.1,True,-49.0589852,69599bd1f8c56f7a432a475280ae3ee0f1ae812fa9e8235995d634b44119b511,D:\CGCNN_Formation_Energy_AL_Archive\artifacts\dft_server\completed_formal_results\d36d9cf09be426a6\attempt_1\payload\kpoint_extensions\egdatpp_dft_kpoint_extension_v2_20260717T143027Z\results\LiCr2O4_C214\spacing_0p15\attempt_1,REUSED_FROZEN_PROTOCOL_OUTPUT,4544f2a9a4685399ee4aaa34de4368f17febe846cca9b1fb8564e9a8306e5b7e,True,"{""Cr"":2.0,""Li"":1.0,""O"":4.0}",7.0,"{""Cr"":""GGA_U_Cr_metal"",""Li"":""GGA_U_Li_metal"",""Mn"":""GGA_U_Mn_metal"",""O"":""GGA_U_O2_molecule""}",-2.248855041428572,-54.28286792,-1.9398123957142863,-49.05841979,-2.2492547542857158,-49.05895525,-2.249331248571429,-49.05895525,-2.249331248571429,-2.995000000538539e-05,0.00047620714285701027
dft_candidate_job_214_Cr_fe_-0_857_n4__5dcdc010cb43,job_214_Cr_fe_-0.857_n4_generated_crystals_cif__gen_0,LiCr2O4,PBE,default,True,0.15,16x10x10,6.5.1,True,-54.28346409,5fb33302a69b21c6697e77f914f7fe69c8e59ffc42dda14be78557aa1bdd8d11,D:\CGCNN_Formation_Energy_AL_Archive\artifacts\dft_server\completed_formal_results\d36d9cf09be426a6\attempt_1\payload\candidate_static_verification\egdatpp_dft_candidate_static_v1_20260718T164455Z\results\dft_candidate_job_214_Cr_fe_-0_857_n4__5dcdc010cb43\attempt_1,REQUIRES_STATIC_VERIFICATION,4544f2a9a4685399ee4aaa34de4368f17febe846cca9b1fb8564e9a8306e5b7e,True,"{""Cr"":2.0,""Li"":1.0,""O"":4.0}",7.0,"{""Cr"":""PBE_Cr_metal"",""Li"":""PBE_Li_metal"",""Mg"":""PBE_Mg_metal"",""Mn"":""PBE_Mn_metal"",""O"":""PBE_O2_molecule""}",-1.9396976964285721,-54.28286792,-1.9398123957142863,-49.05841979,-2.2492547542857158,-49.05895525,-2.249331248571429,-54.28286792,-1.9398123957142863,-0.0005961700000014503,0.00011469928571417043
