candidate_id,hidden_p_dft_evaluable,score_source
job_003_Mn_fe_-1.026_n4_generated_crystals_cif__gen_0,0.2269081869153368,full_model_unseen_pool
job_004_Mg_fe_-1.439_n4_generated_crystals_cif__gen_1,0.2552349649216492,full_model_unseen_pool
job_006_Mn_fe_-1.347_n4_generated_crystals_cif__gen_0,0.4566068423686816,full_model_unseen_pool
job_006_Mn_fe_-1.347_n4_generated_crystals_cif__gen_1,0.7698396832756944,shallow_gradient_boosting_OOF
job_006_Mn_fe_-1.347_n4_generated_crystals_cif__gen_2,0.4313555720987794,full_model_unseen_pool
job_006_Mn_fe_-1.347_n4_generated_crystals_cif__gen_3,0.7216515945882569,full_model_unseen_pool
job_007_Mg_fe_-1.079_n4_generated_crystals_cif__gen_0,0.645165571063296,full_model_unseen_pool
job_008_Mg_fe_-1.361_n4_generated_crystals_cif__gen_1,0.8262033133688947,full_model_unseen_pool
job_011_Mg_fe_-1.305_n4_generated_crystals_cif__gen_0,0.7698396832756944,shallow_gradient_boosting_OOF
job_011_Mg_fe_-1.305_n4_generated_crystals_cif__gen_2,0.79020736509301,full_model_unseen_pool
job_012_Cr_fe_-1.495_n4_generated_crystals_cif__gen_0,0.3147768490612918,full_model_unseen_pool
job_012_Cr_fe_-1.495_n4_generated_crystals_cif__gen_3,0.7695878626160884,full_model_unseen_pool
job_013_Cr_fe_-1.388_n4_generated_crystals_cif__gen_0,0.7065650710950928,full_model_unseen_pool
job_013_Cr_fe_-1.388_n4_generated_crystals_cif__gen_1,0.7414115573675113,full_model_unseen_pool
job_013_Cr_fe_-1.388_n4_generated_crystals_cif__gen_2,0.7420748853461303,full_model_unseen_pool
job_013_Cr_fe_-1.388_n4_generated_crystals_cif__gen_3,0.6495684850001285,full_model_unseen_pool
job_016_Cr_fe_-1.264_n4_generated_crystals_cif__gen_1,0.7080469618485223,full_model_unseen_pool
job_016_Cr_fe_-1.264_n4_generated_crystals_cif__gen_2,0.7748501763278156,full_model_unseen_pool
job_016_Cr_fe_-1.264_n4_generated_crystals_cif__gen_3,0.7172756609482576,full_model_unseen_pool
job_017_Mn_fe_-1.234_n4_generated_crystals_cif__gen_0,0.7222618307188479,full_model_unseen_pool
job_017_Mn_fe_-1.234_n4_generated_crystals_cif__gen_1,0.5106727754077964,full_model_unseen_pool
job_017_Mn_fe_-1.234_n4_generated_crystals_cif__gen_2,0.6187415401014863,full_model_unseen_pool
job_017_Mn_fe_-1.234_n4_generated_crystals_cif__gen_3,0.4819581228708071,full_model_unseen_pool
job_019_Mg_fe_-1.315_n4_generated_crystals_cif__gen_0,0.2366243291071848,full_model_unseen_pool
job_020_Mn_fe_-0.989_n4_generated_crystals_cif__gen_0,0.5142365967825031,full_model_unseen_pool
job_020_Mn_fe_-0.989_n4_generated_crystals_cif__gen_1,0.3973394732797211,full_model_unseen_pool
job_020_Mn_fe_-0.989_n4_generated_crystals_cif__gen_3,0.4267246524123038,full_model_unseen_pool
job_021_Mg_fe_-1.413_n4_generated_crystals_cif__gen_0,0.6324371421300417,full_model_unseen_pool
job_021_Mg_fe_-1.413_n4_generated_crystals_cif__gen_3,0.816774087595426,full_model_unseen_pool
job_024_Mg_fe_-0.880_n4_generated_crystals_cif__gen_0,0.7848636232008771,full_model_unseen_pool
job_024_Mg_fe_-0.880_n4_generated_crystals_cif__gen_3,0.2353316522244071,full_model_unseen_pool
job_029_Cr_fe_-1.337_n4_generated_crystals_cif__gen_1,0.8957765114792163,full_model_unseen_pool
job_029_Cr_fe_-1.337_n4_generated_crystals_cif__gen_2,0.803898804892327,shallow_gradient_boosting_OOF
job_029_Cr_fe_-1.337_n4_generated_crystals_cif__gen_3,0.8822488100779574,full_model_unseen_pool
job_030_Mn_fe_-1.234_n4_generated_crystals_cif__gen_0,0.4678245412916306,full_model_unseen_pool
job_030_Mn_fe_-1.234_n4_generated_crystals_cif__gen_1,0.5016778945725521,full_model_unseen_pool
job_030_Mn_fe_-1.234_n4_generated_crystals_cif__gen_2,0.4837626490458648,full_model_unseen_pool
job_030_Mn_fe_-1.234_n4_generated_crystals_cif__gen_3,0.3813052550562842,full_model_unseen_pool
job_036_Mg_fe_-1.056_n4_generated_crystals_cif__gen_1,0.6448171024331755,full_model_unseen_pool
job_042_Cr_fe_-0.962_n4_generated_crystals_cif__gen_0,0.696557959792479,full_model_unseen_pool
job_042_Cr_fe_-0.962_n4_generated_crystals_cif__gen_1,0.7390736215292035,full_model_unseen_pool
job_042_Cr_fe_-0.962_n4_generated_crystals_cif__gen_2,0.9079667122711558,full_model_unseen_pool
job_042_Cr_fe_-0.962_n4_generated_crystals_cif__gen_3,0.8675744472212803,full_model_unseen_pool
job_043_Mn_fe_-1.340_n4_generated_crystals_cif__gen_1,0.6938216253852769,full_model_unseen_pool
job_043_Mn_fe_-1.340_n4_generated_crystals_cif__gen_3,0.4497429052941683,full_model_unseen_pool
job_044_Mn_fe_-0.936_n4_generated_crystals_cif__gen_0,0.5175315275854377,full_model_unseen_pool
job_044_Mn_fe_-0.936_n4_generated_crystals_cif__gen_1,0.7818139623664958,shallow_gradient_boosting_OOF
job_044_Mn_fe_-0.936_n4_generated_crystals_cif__gen_2,0.5462696046855546,full_model_unseen_pool
job_044_Mn_fe_-0.936_n4_generated_crystals_cif__gen_3,0.6238876015789273,full_model_unseen_pool
job_047_Mg_fe_-0.887_n4_generated_crystals_cif__gen_3,0.7906356373787183,full_model_unseen_pool
job_057_Mn_fe_-0.971_n4_generated_crystals_cif__gen_0,0.2097008930254008,full_model_unseen_pool
job_057_Mn_fe_-0.971_n4_generated_crystals_cif__gen_1,0.5727249525079888,full_model_unseen_pool
job_058_Cr_fe_-1.423_n4_generated_crystals_cif__gen_0,0.6208096809951579,shallow_gradient_boosting_OOF
job_058_Cr_fe_-1.423_n4_generated_crystals_cif__gen_1,0.7736354017379147,full_model_unseen_pool
job_058_Cr_fe_-1.423_n4_generated_crystals_cif__gen_2,0.7405056157084942,full_model_unseen_pool
job_058_Cr_fe_-1.423_n4_generated_crystals_cif__gen_3,0.6265172532804553,full_model_unseen_pool
job_061_Mn_fe_-1.231_n4_generated_crystals_cif__gen_0,0.671734210296936,full_model_unseen_pool
job_061_Mn_fe_-1.231_n4_generated_crystals_cif__gen_2,0.7006997128466907,full_model_unseen_pool
job_061_Mn_fe_-1.231_n4_generated_crystals_cif__gen_3,0.5009054246783257,full_model_unseen_pool
job_062_Mg_fe_-0.803_n4_generated_crystals_cif__gen_0,0.5913752488951816,full_model_unseen_pool
job_062_Mg_fe_-0.803_n4_generated_crystals_cif__gen_1,0.2223790672333522,full_model_unseen_pool
job_065_Mn_fe_-1.024_n4_generated_crystals_cif__gen_0,0.4902747782537565,full_model_unseen_pool
job_065_Mn_fe_-1.024_n4_generated_crystals_cif__gen_1,0.4242331937321967,full_model_unseen_pool
job_065_Mn_fe_-1.024_n4_generated_crystals_cif__gen_2,0.4330123332045146,full_model_unseen_pool
job_066_Mn_fe_-1.023_n4_generated_crystals_cif__gen_0,0.26493734986134,full_model_unseen_pool
job_066_Mn_fe_-1.023_n4_generated_crystals_cif__gen_1,0.5340752986356097,full_model_unseen_pool
job_066_Mn_fe_-1.023_n4_generated_crystals_cif__gen_2,0.4254112321024085,full_model_unseen_pool
job_066_Mn_fe_-1.023_n4_generated_crystals_cif__gen_3,0.460651985143314,full_model_unseen_pool
job_067_Mg_fe_-0.974_n4_generated_crystals_cif__gen_1,0.788557810321563,full_model_unseen_pool
job_068_Cr_fe_-1.051_n4_generated_crystals_cif__gen_0,0.7192103705280246,full_model_unseen_pool
job_068_Cr_fe_-1.051_n4_generated_crystals_cif__gen_1,0.724625494040051,full_model_unseen_pool
job_068_Cr_fe_-1.051_n4_generated_crystals_cif__gen_3,0.4810703839314101,full_model_unseen_pool
job_069_Mn_fe_-1.295_n4_generated_crystals_cif__gen_0,0.5544953608046534,full_model_unseen_pool
job_069_Mn_fe_-1.295_n4_generated_crystals_cif__gen_1,0.3038842320369616,full_model_unseen_pool
job_069_Mn_fe_-1.295_n4_generated_crystals_cif__gen_2,0.4899985929887623,full_model_unseen_pool
job_069_Mn_fe_-1.295_n4_generated_crystals_cif__gen_3,0.4213863554466019,full_model_unseen_pool
job_073_Cr_fe_-1.375_n4_generated_crystals_cif__gen_0,0.1558326960552503,shallow_gradient_boosting_OOF
job_073_Cr_fe_-1.375_n4_generated_crystals_cif__gen_1,0.765815746844237,full_model_unseen_pool
job_073_Cr_fe_-1.375_n4_generated_crystals_cif__gen_2,0.7217621694162603,full_model_unseen_pool
job_073_Cr_fe_-1.375_n4_generated_crystals_cif__gen_3,0.7299144479590304,full_model_unseen_pool
job_074_Mn_fe_-0.891_n4_generated_crystals_cif__gen_1,0.4300471570223464,full_model_unseen_pool
job_074_Mn_fe_-0.891_n4_generated_crystals_cif__gen_2,0.1914211608305307,full_model_unseen_pool
job_074_Mn_fe_-0.891_n4_generated_crystals_cif__gen_3,0.6102633251869604,full_model_unseen_pool
job_076_Mg_fe_-1.074_n4_generated_crystals_cif__gen_0,0.592342439564561,full_model_unseen_pool
job_079_Cr_fe_-0.854_n4_generated_crystals_cif__gen_0,0.7568457407940025,full_model_unseen_pool
job_079_Cr_fe_-0.854_n4_generated_crystals_cif__gen_1,0.4059241653948281,full_model_unseen_pool
job_079_Cr_fe_-0.854_n4_generated_crystals_cif__gen_2,0.405982345325422,full_model_unseen_pool
job_080_Mn_fe_-1.081_n4_generated_crystals_cif__gen_0,0.4142514306373603,full_model_unseen_pool
job_080_Mn_fe_-1.081_n4_generated_crystals_cif__gen_1,0.4588995351870734,full_model_unseen_pool
job_080_Mn_fe_-1.081_n4_generated_crystals_cif__gen_2,0.4573810817789134,full_model_unseen_pool
job_080_Mn_fe_-1.081_n4_generated_crystals_cif__gen_3,0.2457993203156838,full_model_unseen_pool
job_083_Cr_fe_-0.935_n4_generated_crystals_cif__gen_1,0.1611331325078833,shallow_gradient_boosting_OOF
job_083_Cr_fe_-0.935_n4_generated_crystals_cif__gen_2,0.739379549973265,full_model_unseen_pool
job_085_Mg_fe_-0.837_n4_generated_crystals_cif__gen_2,0.3103046147981195,full_model_unseen_pool
job_086_Mn_fe_-0.988_n4_generated_crystals_cif__gen_0,0.5126508023981395,full_model_unseen_pool
job_086_Mn_fe_-0.988_n4_generated_crystals_cif__gen_1,0.5518682666052884,full_model_unseen_pool
job_086_Mn_fe_-0.988_n4_generated_crystals_cif__gen_2,0.7698396832756944,shallow_gradient_boosting_OOF
job_086_Mn_fe_-0.988_n4_generated_crystals_cif__gen_3,0.2322090795625195,full_model_unseen_pool
job_087_Cr_fe_-1.452_n4_generated_crystals_cif__gen_0,0.6881375583865521,full_model_unseen_pool
job_087_Cr_fe_-1.452_n4_generated_crystals_cif__gen_2,0.5597260729137266,full_model_unseen_pool
job_087_Cr_fe_-1.452_n4_generated_crystals_cif__gen_3,0.7479777658431975,full_model_unseen_pool
job_088_Cr_fe_-1.127_n4_generated_crystals_cif__gen_0,0.6496636058569562,full_model_unseen_pool
job_088_Cr_fe_-1.127_n4_generated_crystals_cif__gen_1,0.7304032498093862,full_model_unseen_pool
job_088_Cr_fe_-1.127_n4_generated_crystals_cif__gen_2,0.8819052145002622,full_model_unseen_pool
job_088_Cr_fe_-1.127_n4_generated_crystals_cif__gen_3,0.7402244082234678,full_model_unseen_pool
job_092_Cr_fe_-1.075_n4_generated_crystals_cif__gen_1,0.2405524615629073,shallow_gradient_boosting_OOF
job_092_Cr_fe_-1.075_n4_generated_crystals_cif__gen_2,0.8424984103749494,full_model_unseen_pool
job_092_Cr_fe_-1.075_n4_generated_crystals_cif__gen_3,0.2048887944897085,full_model_unseen_pool
job_094_Cr_fe_-0.989_n4_generated_crystals_cif__gen_0,0.4193213908800147,full_model_unseen_pool
job_094_Cr_fe_-0.989_n4_generated_crystals_cif__gen_1,0.7720116616490583,full_model_unseen_pool
job_094_Cr_fe_-0.989_n4_generated_crystals_cif__gen_2,0.8795473095553672,full_model_unseen_pool
job_098_Mg_fe_-1.184_n4_generated_crystals_cif__gen_1,0.7943110874633722,full_model_unseen_pool
job_101_Mg_fe_-1.339_n4_generated_crystals_cif__gen_1,0.28204825863915,shallow_gradient_boosting_OOF
job_101_Mg_fe_-1.339_n4_generated_crystals_cif__gen_2,0.2810591896199564,full_model_unseen_pool
job_105_Mn_fe_-0.898_n4_generated_crystals_cif__gen_0,0.4310290865718325,full_model_unseen_pool
job_105_Mn_fe_-0.898_n4_generated_crystals_cif__gen_1,0.5209371797331577,full_model_unseen_pool
job_105_Mn_fe_-0.898_n4_generated_crystals_cif__gen_2,0.719707215783111,full_model_unseen_pool
job_105_Mn_fe_-0.898_n4_generated_crystals_cif__gen_3,0.4723947184680235,full_model_unseen_pool
job_106_Mn_fe_-1.140_n4_generated_crystals_cif__gen_1,0.4155675672159499,full_model_unseen_pool
job_106_Mn_fe_-1.140_n4_generated_crystals_cif__gen_2,0.5611607888907697,full_model_unseen_pool
job_106_Mn_fe_-1.140_n4_generated_crystals_cif__gen_3,0.5314660730944564,full_model_unseen_pool
job_112_Cr_fe_-1.215_n4_generated_crystals_cif__gen_0,0.6889576410787862,full_model_unseen_pool
job_112_Cr_fe_-1.215_n4_generated_crystals_cif__gen_1,0.7416272311851361,full_model_unseen_pool
job_112_Cr_fe_-1.215_n4_generated_crystals_cif__gen_2,0.8924832894562995,full_model_unseen_pool
job_112_Cr_fe_-1.215_n4_generated_crystals_cif__gen_3,0.7233833333291948,full_model_unseen_pool
job_113_Mn_fe_-1.432_n4_generated_crystals_cif__gen_0,0.188853987789863,full_model_unseen_pool
job_113_Mn_fe_-1.432_n4_generated_crystals_cif__gen_1,0.5520796038950373,full_model_unseen_pool
job_113_Mn_fe_-1.432_n4_generated_crystals_cif__gen_2,0.5330706208759346,full_model_unseen_pool
job_118_Mn_fe_-1.458_n4_generated_crystals_cif__gen_0,0.4207015336340188,full_model_unseen_pool
job_118_Mn_fe_-1.458_n4_generated_crystals_cif__gen_1,0.3800065121866943,full_model_unseen_pool
job_118_Mn_fe_-1.458_n4_generated_crystals_cif__gen_2,0.6802568148397495,full_model_unseen_pool
job_118_Mn_fe_-1.458_n4_generated_crystals_cif__gen_3,0.4792193107918973,full_model_unseen_pool
job_120_Cr_fe_-1.424_n4_generated_crystals_cif__gen_1,0.732259111959197,shallow_gradient_boosting_OOF
job_120_Cr_fe_-1.424_n4_generated_crystals_cif__gen_2,0.4993363030761964,full_model_unseen_pool
job_120_Cr_fe_-1.424_n4_generated_crystals_cif__gen_3,0.5818510403625293,full_model_unseen_pool
job_125_Mn_fe_-1.190_n4_generated_crystals_cif__gen_1,0.5268711566998134,full_model_unseen_pool
job_125_Mn_fe_-1.190_n4_generated_crystals_cif__gen_2,0.2984949834246224,full_model_unseen_pool
job_125_Mn_fe_-1.190_n4_generated_crystals_cif__gen_3,0.6157487389116806,full_model_unseen_pool
job_126_Cr_fe_-0.901_n4_generated_crystals_cif__gen_0,0.8571772868194352,full_model_unseen_pool
job_126_Cr_fe_-0.901_n4_generated_crystals_cif__gen_2,0.7615621156605943,full_model_unseen_pool
job_126_Cr_fe_-0.901_n4_generated_crystals_cif__gen_3,0.3831580174063403,full_model_unseen_pool
job_127_Mn_fe_-1.465_n4_generated_crystals_cif__gen_0,0.581711118483184,full_model_unseen_pool
job_127_Mn_fe_-1.465_n4_generated_crystals_cif__gen_1,0.2078617450107704,full_model_unseen_pool
job_127_Mn_fe_-1.465_n4_generated_crystals_cif__gen_2,0.7340427649138342,full_model_unseen_pool
job_127_Mn_fe_-1.465_n4_generated_crystals_cif__gen_3,0.5465727758686026,full_model_unseen_pool
job_128_Mg_fe_-0.915_n4_generated_crystals_cif__gen_2,0.7944770453543925,full_model_unseen_pool
job_129_Mn_fe_-0.852_n4_generated_crystals_cif__gen_0,0.2020556069205239,full_model_unseen_pool
job_129_Mn_fe_-0.852_n4_generated_crystals_cif__gen_1,0.5721158495827341,full_model_unseen_pool
job_129_Mn_fe_-0.852_n4_generated_crystals_cif__gen_3,0.5697747876322911,full_model_unseen_pool
job_130_Cr_fe_-1.335_n4_generated_crystals_cif__gen_0,0.7580861799626458,full_model_unseen_pool
job_130_Cr_fe_-1.335_n4_generated_crystals_cif__gen_1,0.7283853047305116,full_model_unseen_pool
job_130_Cr_fe_-1.335_n4_generated_crystals_cif__gen_2,0.7414494318785064,full_model_unseen_pool
job_130_Cr_fe_-1.335_n4_generated_crystals_cif__gen_3,0.7490557704874629,full_model_unseen_pool
job_133_Mn_fe_-1.385_n4_generated_crystals_cif__gen_0,0.4239172698011399,full_model_unseen_pool
job_133_Mn_fe_-1.385_n4_generated_crystals_cif__gen_2,0.188207765156469,full_model_unseen_pool
job_133_Mn_fe_-1.385_n4_generated_crystals_cif__gen_3,0.363811091656644,full_model_unseen_pool
job_134_Mn_fe_-0.810_n4_generated_crystals_cif__gen_0,0.6999537817132486,full_model_unseen_pool
job_134_Mn_fe_-0.810_n4_generated_crystals_cif__gen_1,0.4037449641240229,full_model_unseen_pool
job_134_Mn_fe_-0.810_n4_generated_crystals_cif__gen_2,0.4957039781604105,full_model_unseen_pool
job_134_Mn_fe_-0.810_n4_generated_crystals_cif__gen_3,0.5785807878928322,full_model_unseen_pool
job_136_Cr_fe_-1.181_n4_generated_crystals_cif__gen_0,0.732259111959197,shallow_gradient_boosting_OOF
job_136_Cr_fe_-1.181_n4_generated_crystals_cif__gen_1,0.7304783853190309,full_model_unseen_pool
job_136_Cr_fe_-1.181_n4_generated_crystals_cif__gen_2,0.7276219693157487,full_model_unseen_pool
job_142_Mn_fe_-1.095_n4_generated_crystals_cif__gen_0,0.7739351617809489,full_model_unseen_pool
job_142_Mn_fe_-1.095_n4_generated_crystals_cif__gen_1,0.4318533813279479,full_model_unseen_pool
job_142_Mn_fe_-1.095_n4_generated_crystals_cif__gen_3,0.4921173808230643,full_model_unseen_pool
job_143_Mg_fe_-1.457_n4_generated_crystals_cif__gen_1,0.8248236865983081,full_model_unseen_pool
job_146_Cr_fe_-1.128_n4_generated_crystals_cif__gen_0,0.6753412241269616,full_model_unseen_pool
job_146_Cr_fe_-1.128_n4_generated_crystals_cif__gen_1,0.7343145438351493,full_model_unseen_pool
job_146_Cr_fe_-1.128_n4_generated_crystals_cif__gen_2,0.7145166723821201,full_model_unseen_pool
job_146_Cr_fe_-1.128_n4_generated_crystals_cif__gen_3,0.644551594353636,full_model_unseen_pool
job_147_Mn_fe_-0.827_n4_generated_crystals_cif__gen_0,0.2169074491117887,full_model_unseen_pool
job_147_Mn_fe_-0.827_n4_generated_crystals_cif__gen_1,0.4829722506877205,full_model_unseen_pool
job_148_Mn_fe_-0.904_n4_generated_crystals_cif__gen_0,0.7228374134078364,full_model_unseen_pool
job_148_Mn_fe_-0.904_n4_generated_crystals_cif__gen_1,0.661657944460921,shallow_gradient_boosting_OOF
job_148_Mn_fe_-0.904_n4_generated_crystals_cif__gen_2,0.3331922460401546,shallow_gradient_boosting_OOF
job_148_Mn_fe_-0.904_n4_generated_crystals_cif__gen_3,0.5362598113098231,full_model_unseen_pool
job_149_Mn_fe_-1.083_n4_generated_crystals_cif__gen_0,0.50446333604772,full_model_unseen_pool
job_149_Mn_fe_-1.083_n4_generated_crystals_cif__gen_2,0.1692725996705695,full_model_unseen_pool
job_149_Mn_fe_-1.083_n4_generated_crystals_cif__gen_3,0.483947400944513,full_model_unseen_pool
job_154_Mn_fe_-1.207_n4_generated_crystals_cif__gen_1,0.55398033640769,full_model_unseen_pool
job_154_Mn_fe_-1.207_n4_generated_crystals_cif__gen_2,0.5159472833804974,full_model_unseen_pool
job_154_Mn_fe_-1.207_n4_generated_crystals_cif__gen_3,0.2816441068368382,full_model_unseen_pool
job_155_Mg_fe_-1.104_n4_generated_crystals_cif__gen_3,0.790596843053491,full_model_unseen_pool
job_162_Mn_fe_-1.493_n4_generated_crystals_cif__gen_0,0.4041707934602698,full_model_unseen_pool
job_162_Mn_fe_-1.493_n4_generated_crystals_cif__gen_1,0.6567872093524433,full_model_unseen_pool
job_162_Mn_fe_-1.493_n4_generated_crystals_cif__gen_2,0.4735641576130078,full_model_unseen_pool
job_162_Mn_fe_-1.493_n4_generated_crystals_cif__gen_3,0.5858811941959563,full_model_unseen_pool
job_163_Mg_fe_-0.801_n4_generated_crystals_cif__gen_3,0.7853789591745656,full_model_unseen_pool
job_164_Mn_fe_-1.449_n4_generated_crystals_cif__gen_1,0.4905102786884955,full_model_unseen_pool
job_164_Mn_fe_-1.449_n4_generated_crystals_cif__gen_2,0.292563193266662,full_model_unseen_pool
job_167_Mn_fe_-0.885_n4_generated_crystals_cif__gen_1,0.5710145242799746,full_model_unseen_pool
job_167_Mn_fe_-0.885_n4_generated_crystals_cif__gen_2,0.5607163280620118,full_model_unseen_pool
job_167_Mn_fe_-0.885_n4_generated_crystals_cif__gen_3,0.534698506762005,shallow_gradient_boosting_OOF
job_171_Cr_fe_-1.042_n4_generated_crystals_cif__gen_0,0.7435405067218948,full_model_unseen_pool
job_171_Cr_fe_-1.042_n4_generated_crystals_cif__gen_1,0.7317050572920912,full_model_unseen_pool
job_171_Cr_fe_-1.042_n4_generated_crystals_cif__gen_2,0.858138172935063,full_model_unseen_pool
job_171_Cr_fe_-1.042_n4_generated_crystals_cif__gen_3,0.3949503188042356,full_model_unseen_pool
job_172_Mn_fe_-1.032_n4_generated_crystals_cif__gen_1,0.5487631854970549,full_model_unseen_pool
job_172_Mn_fe_-1.032_n4_generated_crystals_cif__gen_3,0.4260229176655434,full_model_unseen_pool
job_173_Mg_fe_-1.290_n4_generated_crystals_cif__gen_2,0.8055281376954284,full_model_unseen_pool
job_176_Mn_fe_-0.980_n4_generated_crystals_cif__gen_0,0.5189843050035219,full_model_unseen_pool
job_176_Mn_fe_-0.980_n4_generated_crystals_cif__gen_1,0.3934483790420416,full_model_unseen_pool
job_176_Mn_fe_-0.980_n4_generated_crystals_cif__gen_2,0.4064677598468415,full_model_unseen_pool
job_176_Mn_fe_-0.980_n4_generated_crystals_cif__gen_3,0.5287757196937202,full_model_unseen_pool
job_178_Mg_fe_-1.353_n4_generated_crystals_cif__gen_1,0.8222477012049736,full_model_unseen_pool
job_181_Mg_fe_-1.158_n4_generated_crystals_cif__gen_0,0.7869540815084948,full_model_unseen_pool
job_181_Mg_fe_-1.158_n4_generated_crystals_cif__gen_3,0.282745429518501,full_model_unseen_pool
job_182_Cr_fe_-1.464_n4_generated_crystals_cif__gen_0,0.7662081153077093,full_model_unseen_pool
job_182_Cr_fe_-1.464_n4_generated_crystals_cif__gen_1,0.7219707985446316,full_model_unseen_pool
job_182_Cr_fe_-1.464_n4_generated_crystals_cif__gen_2,0.1558326960552503,shallow_gradient_boosting_OOF
job_182_Cr_fe_-1.464_n4_generated_crystals_cif__gen_3,0.7458629661506683,full_model_unseen_pool
job_189_Mg_fe_-1.493_n4_generated_crystals_cif__gen_1,0.802663342049416,full_model_unseen_pool
job_190_Mn_fe_-0.838_n4_generated_crystals_cif__gen_1,0.4798653399835574,full_model_unseen_pool
job_190_Mn_fe_-0.838_n4_generated_crystals_cif__gen_2,0.1990032825142934,full_model_unseen_pool
job_192_Mg_fe_-1.475_n4_generated_crystals_cif__gen_0,0.8219242358896475,full_model_unseen_pool
job_195_Mn_fe_-1.284_n4_generated_crystals_cif__gen_0,0.6845163672318278,full_model_unseen_pool
job_195_Mn_fe_-1.284_n4_generated_crystals_cif__gen_1,0.4256715417222845,full_model_unseen_pool
job_195_Mn_fe_-1.284_n4_generated_crystals_cif__gen_3,0.6887234785358324,full_model_unseen_pool
job_196_Cr_fe_-0.819_n4_generated_crystals_cif__gen_1,0.2409000838189922,full_model_unseen_pool
job_196_Cr_fe_-0.819_n4_generated_crystals_cif__gen_2,0.7143251092055876,full_model_unseen_pool
job_196_Cr_fe_-0.819_n4_generated_crystals_cif__gen_3,0.7376564180451762,full_model_unseen_pool
job_197_Mn_fe_-0.871_n4_generated_crystals_cif__gen_0,0.5920501864566906,full_model_unseen_pool
job_197_Mn_fe_-0.871_n4_generated_crystals_cif__gen_1,0.2178478239787586,full_model_unseen_pool
job_197_Mn_fe_-0.871_n4_generated_crystals_cif__gen_2,0.5078943843781338,full_model_unseen_pool
job_200_Cr_fe_-1.108_n4_generated_crystals_cif__gen_0,0.7106987532024752,full_model_unseen_pool
job_200_Cr_fe_-1.108_n4_generated_crystals_cif__gen_2,0.7173698564351173,full_model_unseen_pool
job_200_Cr_fe_-1.108_n4_generated_crystals_cif__gen_3,0.7164911602670148,full_model_unseen_pool
job_201_Cr_fe_-1.216_n4_generated_crystals_cif__gen_0,0.8923967713067077,full_model_unseen_pool
job_201_Cr_fe_-1.216_n4_generated_crystals_cif__gen_1,0.7408974536265167,full_model_unseen_pool
job_201_Cr_fe_-1.216_n4_generated_crystals_cif__gen_2,0.1558326960552503,shallow_gradient_boosting_OOF
job_201_Cr_fe_-1.216_n4_generated_crystals_cif__gen_3,0.8535448838678896,full_model_unseen_pool
job_204_Cr_fe_-0.932_n4_generated_crystals_cif__gen_0,0.7771414844243733,full_model_unseen_pool
job_204_Cr_fe_-0.932_n4_generated_crystals_cif__gen_3,0.9676303923050524,shallow_gradient_boosting_OOF
job_207_Cr_fe_-0.848_n4_generated_crystals_cif__gen_1,0.6941126738251753,full_model_unseen_pool
job_207_Cr_fe_-0.848_n4_generated_crystals_cif__gen_2,0.7008958908275648,full_model_unseen_pool
job_208_Cr_fe_-1.031_n4_generated_crystals_cif__gen_0,0.7473003986235223,full_model_unseen_pool
job_208_Cr_fe_-1.031_n4_generated_crystals_cif__gen_1,0.7345485881416998,full_model_unseen_pool
job_208_Cr_fe_-1.031_n4_generated_crystals_cif__gen_2,0.7375624292912804,full_model_unseen_pool
job_208_Cr_fe_-1.031_n4_generated_crystals_cif__gen_3,0.8784462298782373,full_model_unseen_pool
job_212_Cr_fe_-1.473_n4_generated_crystals_cif__gen_0,0.7524268590684586,full_model_unseen_pool
job_212_Cr_fe_-1.473_n4_generated_crystals_cif__gen_2,0.7809973745565075,full_model_unseen_pool
job_212_Cr_fe_-1.473_n4_generated_crystals_cif__gen_3,0.8866023054897056,full_model_unseen_pool
job_214_Cr_fe_-0.857_n4_generated_crystals_cif__gen_0,0.732259111959197,shallow_gradient_boosting_OOF
job_214_Cr_fe_-0.857_n4_generated_crystals_cif__gen_1,0.496215297908662,full_model_unseen_pool
job_214_Cr_fe_-0.857_n4_generated_crystals_cif__gen_3,0.7530299591698077,full_model_unseen_pool
job_216_Cr_fe_-0.890_n4_generated_crystals_cif__gen_0,0.7375337521995776,full_model_unseen_pool
job_216_Cr_fe_-0.890_n4_generated_crystals_cif__gen_2,0.7687369530599756,full_model_unseen_pool
job_216_Cr_fe_-0.890_n4_generated_crystals_cif__gen_3,0.7216774394870843,full_model_unseen_pool
job_220_Cr_fe_-1.305_n4_generated_crystals_cif__gen_0,0.7612806672219367,full_model_unseen_pool
job_220_Cr_fe_-1.305_n4_generated_crystals_cif__gen_1,0.8883401709575751,full_model_unseen_pool
job_220_Cr_fe_-1.305_n4_generated_crystals_cif__gen_2,0.3684799898345629,full_model_unseen_pool
job_223_Mg_fe_-1.268_n4_generated_crystals_cif__gen_1,0.8282808992221965,full_model_unseen_pool
job_224_Mn_fe_-1.419_n4_generated_crystals_cif__gen_0,0.4257333249194916,full_model_unseen_pool
job_224_Mn_fe_-1.419_n4_generated_crystals_cif__gen_2,0.5017713662295313,full_model_unseen_pool
job_224_Mn_fe_-1.419_n4_generated_crystals_cif__gen_3,0.5083165093688496,full_model_unseen_pool
job_227_Mg_fe_-1.196_n4_generated_crystals_cif__gen_3,0.5812318586127019,full_model_unseen_pool
job_230_Mg_fe_-1.419_n4_generated_crystals_cif__gen_3,0.7878704734201486,full_model_unseen_pool
job_232_Mn_fe_-1.004_n4_generated_crystals_cif__gen_1,0.6925450094089673,full_model_unseen_pool
job_232_Mn_fe_-1.004_n4_generated_crystals_cif__gen_2,0.3672340531805006,full_model_unseen_pool
job_232_Mn_fe_-1.004_n4_generated_crystals_cif__gen_3,0.3740849240523277,full_model_unseen_pool
job_233_Mn_fe_-1.136_n4_generated_crystals_cif__gen_0,0.5303784975295541,full_model_unseen_pool
job_233_Mn_fe_-1.136_n4_generated_crystals_cif__gen_1,0.5049877247567938,full_model_unseen_pool
job_233_Mn_fe_-1.136_n4_generated_crystals_cif__gen_2,0.5318208314387465,full_model_unseen_pool
job_234_Cr_fe_-1.123_n4_generated_crystals_cif__gen_0,0.8711079774887389,full_model_unseen_pool
job_234_Cr_fe_-1.123_n4_generated_crystals_cif__gen_2,0.6994444702210099,full_model_unseen_pool
job_234_Cr_fe_-1.123_n4_generated_crystals_cif__gen_3,0.4364258625687119,full_model_unseen_pool
job_239_Mg_fe_-1.280_n4_generated_crystals_cif__gen_2,0.4253849099058595,full_model_unseen_pool
job_240_Cr_fe_-1.413_n4_generated_crystals_cif__gen_0,0.7794804207375529,full_model_unseen_pool
job_240_Cr_fe_-1.413_n4_generated_crystals_cif__gen_1,0.7413713478264299,full_model_unseen_pool
job_240_Cr_fe_-1.413_n4_generated_crystals_cif__gen_2,0.728915944454991,full_model_unseen_pool
job_249_Cr_fe_-1.500_n4_generated_crystals_cif__gen_0,0.6658840078735365,full_model_unseen_pool
job_249_Cr_fe_-1.500_n4_generated_crystals_cif__gen_1,0.1558326960552503,shallow_gradient_boosting_OOF
job_249_Cr_fe_-1.500_n4_generated_crystals_cif__gen_2,0.6201196832143931,full_model_unseen_pool
job_249_Cr_fe_-1.500_n4_generated_crystals_cif__gen_3,0.2814329514868702,full_model_unseen_pool
